-- phpMyAdmin SQL Dump
-- version 5.2.1
-- https://www.phpmyadmin.net/
--
-- Host: 127.0.0.1
-- Generation Time: May 25, 2026 at 01:33 AM
-- Server version: 10.4.32-MariaDB
-- PHP Version: 8.2.12

SET SQL_MODE = "NO_AUTO_VALUE_ON_ZERO";
START TRANSACTION;
SET time_zone = "+00:00";


/*!40101 SET @OLD_CHARACTER_SET_CLIENT=@@CHARACTER_SET_CLIENT */;
/*!40101 SET @OLD_CHARACTER_SET_RESULTS=@@CHARACTER_SET_RESULTS */;
/*!40101 SET @OLD_COLLATION_CONNECTION=@@COLLATION_CONNECTION */;
/*!40101 SET NAMES utf8mb4 */;

--
-- Database: `mastering`
--

-- --------------------------------------------------------

--
-- Table structure for table `absensi_pesertas`
--

CREATE TABLE `absensi_pesertas` (
  `id` bigint(20) UNSIGNED NOT NULL,
  `absen_rapat_id` bigint(20) UNSIGNED NOT NULL,
  `tipe_peserta` enum('internal','eksternal') DEFAULT 'internal',
  `nip` varchar(191) DEFAULT NULL,
  `nama` varchar(191) NOT NULL,
  `id_dinas` bigint(20) UNSIGNED DEFAULT NULL,
  `nama_external` varchar(191) DEFAULT NULL,
  `telp` varchar(191) NOT NULL,
  `email` varchar(191) NOT NULL,
  `signature` text NOT NULL,
  `created_at` timestamp NULL DEFAULT NULL,
  `updated_at` timestamp NULL DEFAULT NULL
) ENGINE=InnoDB DEFAULT CHARSET=utf8mb4 COLLATE=utf8mb4_general_ci;

--
-- Dumping data for table `absensi_pesertas`
--

INSERT INTO `absensi_pesertas` (`id`, `absen_rapat_id`, `tipe_peserta`, `nip`, `nama`, `id_dinas`, `nama_external`, `telp`, `email`, `signature`, `created_at`, `updated_at`) VALUES
(1, 1, 'eksternal', '454554', 'tret', NULL, 'tertertretert', '3345', '3453543@gmail.com', 'data:image/png;base64,iVBORw0KGgoAAAANSUhEUgAAAmUAAADICAYAAACpkpY+AAAQAElEQVR4AezdCaxcVf0H8F+LrUgfCKVBSQiSqK0IVbBVlNCCuACFilRJtQFFsdQGNGoCQhUUrYYKAaoUwlq2sFNStrCUJexrQ9nXQlnSspW97PTPuf+8oe28tm+Z5S4fwpu5c5dzz+9zhvDNzJ1z+7/33ntL/THwHvAe8B7wHvAe8B7wHmjve6B/+IcAAQIECDRVQOMECHRHQCjrjpJ9CBAgQIAAAQJNFhDKmgys+XILqI4AAQIECDRKQChrlKR2CBAgQIAAAQJ9EFhJKOtDiw4lQIAAAQIECBDosYBQ1mMyBxAorsDixYvjmGOOiauuuqq4Reh5eQRUQoDAcgJC2XIcXhAor8A777wT22yzTfzpT3+KXXfdNZYsWVLeYlVGgACBAgoIZQUcNF3OvUDuOvjuu+/Gr3/963j88cezvnV0dMRaa62VLXsgQIAAgXwICGX5GAe9INA0gTfeeCP7hOyCCy7IztGvX7/4wx/+kC17IECAAIH8CPQslOWn33pCgEA3BN5///3YfffdY968ebW9ly5dGttuu23ttQUCBAgQyIeAUJaPcdALAk0RmDJlSlx77bVZ29ttt132nB6GDh2anvwRyKWAThGoqoBQVtWRV3fpBWbPnh3Tp0/P6jzppJNi7ty52fLAgQNj8ODB2bIHAgQIEMiPgFCWn7HQk9ILtK7ABQsWxEEHHZSdcPLkyfHWW2/F66+/nr0eNWpUfOpTn8qWPRAgQIBAfgSEsvyMhZ4QaIjABx98kF3In35pOWLEiPjb3/4W//vf/2pt77DDDrVlCwQIECCQH4GGhLL8lKMnBAjMmjUrLrvsshg0aFCceOKJceWVV9amwthqq61ijz32gESAAAECORQQynI4KLpEoLcCt956a+y5557Z4aeffnpsttlm8Z///Cd7nR6GDx8eQ4YMSYv+CBRNQH8JlF5AKCv9ECuwKgILFy6M8ePHR5ryYuTIkTF27Ng477zz4oEHHqgR+JSsRmGBAAECuRMQynI3JDpUOYEGFTxhwoRYtGhRpK8ob7jhhkiz+P/lL3+ptZ4C29Zbb117bYEAAQIE8iUglOVrPPSGQK8Epk6dGjfffHN87nOfyz4dS7+unDZtWjz99NO19tIksrUXFggQIEAgdwLNDGW5K1aHCJRR4Nxzz40UygYMGBCXX355bLjhhvHoo4/GkUceWSt3jTXWiDQVRm2FBQIECBDInYBQlrsh0SEC3Re4/fbbY9KkSdG/f/+44oorIl3In47+3e9+F0uWLEmL8elPfzr233//WG+99bLXHgiUS0A1BMojIJSVZyxVUjGBOXPmxI477hhvv/12zJw5s/ZJWApn1113XU1j0003jTSBbG2FBQIECBDIpYBQlsth0SkCEasySL+o/NWvfpVdzJ++ukwX8af9P/roo2zi2LSc/jo6OrJP0tJXmum1PwIECBDIr4BQlt+x0TMCXQrce++9MXr06Oy2Saeddlr21WTnjpdccknMnz8/e9mvX79sP9NgZBweCBAgkHuBNoSy3JvoIIHcCtx///0xZsyYeOedd+LPf/5zrPiLyvSpWWfnhw0bFv/85z+za8o613kmQIAAgfwKCGX5HRs9I7CcQJocNk0I+9prr8WMGTNiypQpy21Ps/nPmzcvW5emxBg6dGjtwv9spQcCVRJQK4ECCghlBRw0Xa6ewIsvvphd1P/cc89lYWyvvfaqQ7j44otr69ZZZ51I85TVVlggQIAAgdwLCGW5HyIdrLpA+oQszcT/0EMPxXHHHRcHHXRQlyS33HJLbX26zdIXv/jF2msLBAgQIJB/AaEs/2OkhxUWeOGFF2LcuHGxYMGC2GeffWLvvfdeqcYzzzxT2/b5z3++tmyBAAECBIohkJ9QVgwvvSTQMoHFixfHbrvtFnfffXfst99+MX369FWeu1+/frXtX/jCF2rLFggQIECgGAJCWTHGSS8rJvDyyy/Hd77znbjzzjuzX1AefvjhkW6VtCqGQYMG1TYPHjy4tmyBAIFPBCwRyLOAUJbn0dG3Sgq89NJLka4he/LJJ+Pggw/Opr5YXSBLUEuXLk1P2d8mm2ySPXsgQIAAgeIICGXFGSs9rYDAggULsmksUiA74ogjslDWvbIjXn311dquw4cPry1bIECAAIFiCAhlxRgnvayAQLp27Fvf+lYWrs4///z4/e9/3+2qlyxZEs8//3y2/0YbbRQbb7xxtuyBAAECBIojkPtQVhxKPSXQe4E08esuu+wSaX6xO+64I3bdddceNTZr1qxs//Q150477RRvvvlm9nrFh6uvvjp+/vOfx8knn7ziJq8JECBAoM0CQlmbB8DpCZxzzjnxgx/8IL7+9a/Hbbfdln192VOVu+66Kzvkww8/jBNPPDHSbP4zZ86Mxx57LI466qhI85YNHDgwdt5557jwwgtj8uTJ8fDDD2fHeCBAIBAQyIWAUJaLYdCJqgr8+9//jl/84hcxYcKEmD17dqy//vq9ovjRj36UfcrWeXD6scCkSZNis802y34ocO+993Zuqj1/8MEHtWULBAgQINB+gf7t74IeEKiewBNPPBFbbLFFNt1Fumn48ccf36cbh2+//faRgtjtt98e++67b3R0dPw/6gqPAwYMiK222ipmzJgRm2+++QpbvSRAgACBdgoIZe3Ud+5KClx00UXx7W9/O5ul/6yzzso+yerX75OJX/uCsuWWW2ZfV6Zrx9Knb6NHj47095Of/CT72nLRokVx4403xsSJE/tyGscSIECAQBMEihrKmkChSQLNFzj66KNj/PjxkW6DlO5VmWbsb8ZZR4wYEaeeemrMmTMn+zv77LNj7NixsfbaazfjdNokQIAAgQYICGUNQNQEgdUJpK8Wv/e978WBBx6Yfb2YfmG56aabru4w2wkQaKuAkxNorYBQ1lpvZ6ugQPq0Kn1yleYhS18rpl9DfuYzn6mghJIJECBAYFUCQtmqdGwj0AeBND3FoYceGmPGjIlNNtkkm4Ji1KhRfWixcYdqiQABAgTyJyCU5W9M9KgEAgsXLsyuHTv88MPjgAMOiOuuuy67jqwEpSmBAAECBJokULJQ1iQlzRLogcAZZ5wR3/jGNyJN6HrJJZfE1KlTo39//6n1gNCuBAgQqKSA/1NUctgV3QyBK664IsaNGxd77713pIv4H3jggfjud7/bjFNpkwCBdgo4N4EmCQhlTYLVbHUEHnrooWzerzSr/qWXXhq/+c1vIt06adCgQdVBUCkBAgQI9FlAKOszoQaqKvDqq6/GYYcdFmmqi9NOOy3WXXfdSBPDHnvssbHBBhsUkUWfCRAgQKCNAkJZG/GdurgCaWqLXXbZJQ455JDs9kbbbrttzJs3L3beeefiFqXnBAgQINBWgWqEsrYSO3mZBJ544olIASyFrzQBbKothbPzzjsvNtxww/TSHwECBAgQ6JWAUNYrNgdVUeCII46IrbfeOm699das/CFDhsQJJ5wQs2bNivXWWy9b54EAgeoKqJxAXwWEsr4KOr70AosWLYqf/exnMWXKlHjllVeyeocNGxYXX3xx7LXXXtlrDwQIECBAoK8CQllfBR1faoEjjzwyvvrVr2afhnUWOmHChEhfXY4cObJzVcmflUeAAAECrRAQylqh7ByFE5g5c2YMHjw4DjzwwHjzzTez/q+zzjrZp2WnnnpquHdlRuKBAAECBBoo0L+BbRWuKR0msKLAgw8+GGm+sUmTJtXCWNpn4403jjQ57N///vf00h8BAgQIEGi4gFDWcFINFlXg0EMPjS222CILX8vWsMcee8TcuXPD15XLqlgmQKCbAnYj0G0BoazbVHYsq8C1116bTWfxr3/9a7kSOzo6It3H8pRTTon01eVyG70gQIAAAQINFhDKGgyqueIIPPLII/HDH/4wdtxxx3j55ZeX6/jXvva17OL+8ePHL7fei2UELBIgQIBAQwWEsoZyaqwIAun2SNOmTYvhw4fH9ddfX9fliRMnxlVXXRXbbbdd3TYrCBAgQIBAswSEsnpZa0oscNlll8WIESPi4IMP7rLKo446KmbMmJH98rLLHawkQIAAAQJNEhDKmgSr2XwJvPDCC9l9KXfbbbd45pln6jo3atSomD9/fuy7775126wgQIBA4wW0SKBeQCirN7GmRAJvvfVWHHDAAZGuEbv66qvrKhs0aFCkCWLTJ2gbbbRR3XYrCBAgQIBAqwSEslZJO0/LBa655ppsioujjz46Fi9eXHf+0aNHx4033hj77bdfrLnmmnXbreidgKMIECBAoHcCQlnv3ByVY4GFCxdm96rcaaedYsGCBXU9TZ+OHXPMMTFnzpzYfPPN67ZbQYAAAQIE2iEglHVb3Y55F0i3Q/rHP/4RX/nKV7LpLLrqb7qm7LHHHot99tmnq83WESBAgACBtgkIZW2jd+JGCtx0000xbNiwmDp1arz99tt1Taeglrale1oOGTKkbrsVBAgQyIWATlRaQCir9PAXv/h77rkndt9999h+++3jxRdfrCvos5/9bOy///6RZu1PF/yvtdZadftYQYAAAQIE8iAglOVhFPShxwLpwv3DDjssdthhh5g9e3aXx3/zm9/MJoFNt0/y6ViXRK1c6VwECBAgsBoBoWw1QDbnT+Dss8+OoUOHxiGHHBKvvPJKXQfXXnvtbFualX/LLbes224FAQIECBDIo4BQ1tdRcXzLBJ566qkYP358/PKXv4zXX3+97rwdHR0xbty4SBfy//Wvf430K8u6nawgQIAAAQI5FRDKcjowuvWJwLPPPhs//vGPs+krLrrook82LLP0pS99KS644II455xz3CJpGReLBAiUQ0AV1RAQyqoxzoWtMs20n76CvPzyy+O9997rso6TTz45Hnzwwexi/y53sJIAAQIECBRAQCgrwCBVsYtpWot00/Cf/vSn8dprr3VJ8Mc//jHSPS333HPPLrdbWQQBfSRAgACBTgGhrFPCcy4EPvroo7jyyitj5MiRMW3atPjwww/r+pVm4b/55puz7euuu27ddisIECBAgEARBYSyJo2aZnsmkG6HlKa4GDNmTIwdOza7WH/ZFtIvKkePHp1dMzZ37txI010su90yAQIECBAouoBQVvQRLHj/zzzzzEhziH35y1/OprFIk7x2ljRw4MD4/ve/n038umjRouxelenXlZ3bPRMgQKDiAsovmYBQVrIBLVo5kyZNqpveIoW03/72tzF//vxIF/hvs802MWDAgKKVpr8ECBAgQKBHAkJZj7js3GiBwYMHZ02uscYakS7qnz59etx3333x3//+NzbYYINsm4cKCiiZAAECFRQQyio46HkqOU30OmPGjOy+lWeddVZMnjw51l9//Tx1UV8IECBAgEBLBISyljDXTmJhBYE111wzJk6cGGk2/hU2eUmAAAECBColIJRVargVS4AAAQLlF1BhUQWEsqKOnH4TIECAAAECpRIQyko1nIohUG4BUT76DAAAB4RJREFU1REgQKDMAkJZmUdXbQQIECBAgEBhBISyXAyVThAgQIAAAQJVFxDKqv4OUD8BAgQIVENAlbkXEMpyP0Q6SIAAAQIECFRBQCirwiirkUC5BVRHgACBUggIZaUYRkUQIECAAAECRRcQyvI8gvpGgAABAgQIVEZAKKvMUCuUAAECBAjUC1iTHwGhLD9joScECBAgQIBAhQWEsgoPvtIJlFtAdQQIECiWgFBWrPHSWwIECBAgQKCkAkJZAQdWlwkQIECAAIHyCQhl5RtTFREgQIAAgb4KOL4NAkJZG9CdkgABAgQIECCwooBQtqKI1wQIlFtAdQQIEMipgFCW04HRLQIECBAgQKBaAkJZecZbJQQIECBAgECBBYSyAg+erhMgQIAAgdYKOFszBYSyZupqmwABAgQIECDQTQGhrJtQdiNAoNwCqiNAgEC7BYSydo+A8xMgQIAAAQIEPhYQyj5GKPe/qiNAgAABAgSKICCUFWGU9JEAAQIECORZQN8aIiCUNYRRIwQIECBAgACBvgkIZX3zczQBAuUWUB0BAgRaJiCUtYzaiQgQIECAAAECKxcQylZuU+4tqiNAgAABAgRyJSCU5Wo4dIYAAQIECJRHQCU9ExDKeuZlbwIECBAgQIBAUwSEsqawapQAgXILqI4AAQKNFxDKGm+qRQIECBAgQIBAjwWEsh6TlfsA1REgQIAAAQLtERDK2uPurAQIECBAoKoC6l6JgFC2EhirCRAgQIAAAQKtFBDKWqntXAQIlFtAdQQIEOiDgFDWBzyHEiBAgAABAgQaJSCUNUqy3O2ojgABAgQIEGiygFDWZGDNEyBAgAABAt0RsI9Q5j1AgAABAgQIEMiBgFCWg0HQBQIEyi2gOgIECHRHQCjrjpJ9CBAgQIAAAQJNFhDKmgxc7uZVR4AAAQIECDRKQChrlKR2CBAgQIAAgcYLVKhFoaxCg61UAgQIECBAIL8CQll+x0bPCBAot4DqCBAgsJyAULYchxcECBAgQIAAgfYICGXtcS/3WVVHgAABAgQI9FhAKOsxmQMIECBAgACBdguU8fxCWRlHVU0ECBAgQIBA4QSEssINmQ4TIFBuAdURIFBVAaGsqiOvbgIECBAgQCBXAkJZroaj3J1RHQECBAgQILByAaFs5Ta2ECBAgAABAsUSKHRvhbJCD5/OEyBAgAABAmUREMrKMpLqIECg3AKqI0Cg9AJCWemHWIEECBAgQIBAEQSEsiKMUrn7qDoCBAgQIEDgYwGh7GME/xIgQIAAAQJlFihGbUJZMcZJLwkQIECAAIGSCwhlJR9g5REgUG4B1REgUB4Boaw8Y6kSAgQIECBAoMACQlmBB6/cXVcdAQIECBColoBQVq3xVi0BAgQIECDQKZCzZ6EsZwOiOwQIECBAgEA1BYSyao67qgkQKLeA6ggQKKCAUFbAQdNlAgQIECBAoHwCQln5xrTcFamOAAECBAiUVEAoK+nAKosAAQIECBDonUC7jhLK2iXvvAQIECBAgACBZQSEsmUwLBIgQKDcAqojQCDPAkJZnkdH3wgQIECAAIHKCAhllRnqcheqOgIECBAgUHQBoazoI6j/BAgQIECAQCsEmn4OoazpxE5AgAABAgQIEFi9gFC2eiN7ECBAoNwCqiNAIBcCQlkuhkEnCBAgQIAAgaoLCGVVfweUu37VESBAgACBwggIZYUZKh0lQIAAAQIE8ifQuB4JZY2z1BIBAgQIECBAoNcCQlmv6RxIgACBcguojgCB1goIZa31djYCBAgQIECAQJcCQlmXLFaWW0B1BAgQIEAgfwJCWf7GRI8IECBAgACBogv0ov9CWS/QHEKAAAECBAgQaLSAUNZoUe0RIECg3AKqI0CgSQJCWZNgNUuAAAECBAgQ6ImAUNYTLfuWW0B1BAgQIECgjQJCWRvxnZoAAQIECBColsCqqhXKVqVjGwECBAgQIECgRQJCWYugnYYAAQLlFlAdAQJ9FRDK+iroeAIECBAgQIBAAwSEsgYgaqLcAqojQIAAAQKtEBDKWqHsHAQIECBAgACBlQtkW4SyjMEDAQIECBAgQKC9AkJZe/2dnQABAuUWUB0BAt0WEMq6TWVHAgQIECBAgEDzBISy5tlqudwCqiNAgAABAg0VEMoayqkxAgQIECBAgEDvBOpDWe/acRQBAgQIECBAgEAfBISyPuA5lAABAgR6J+AoAgTqBYSyehNrCBAgQIAAAQItFxDKWk7uhOUWUB0BAgQIEOidgFDWOzdHESBAgAABAgQaKtDtUNbQs2qMAAECBAgQIEBgOQGhbDkOLwgQIECgjQJOTaDSAkJZpYdf8QQIECBAgEBeBISyvIyEfpRbQHUECBAgQGA1AkLZaoBsJkCAAAECBAi0QqCvoawVfXQOAgQIECBAgEDpBYSy0g+xAgkQIFB0Af0nUA0Boawa46xKAgQIECBAIOcCQlnOB0j3yi2gOgIECBAg0CkglHVKeCZAgAABAgQItFGgSaGsjRU5NQECBAgQIECggAJCWQEHTZcJECBAICIgECiZgFBWsgFVDgECBAgQIFBMgf8DAAD//3gTW74AAAAGSURBVAMAS2bOxpFTnoUAAAAASUVORK5CYII=', '2026-05-24 01:48:16', '2026-05-24 01:48:16'),
(2, 1, 'eksternal', NULL, 'Aries Dwilistiadi', NULL, 'ertret', 'ertret', 'dwilistiadi.aries51@gmail.com', 'data:image/png;base64,iVBORw0KGgoAAAANSUhEUgAAAmMAAADICAYAAACkjOZ5AAAQAElEQVR4AezdC7QVVR3H8f/lKU8vchV5P0QIFUEgQCJBU1Ezs1tGVFaUlZZRpqslK6lVWcZyRZKltfK1KC1bPihRfAQuNASDElCeXuShvARR5CUPJX47Zjjn3HO455575px5fF3OzJ45M3v2/uy7Fv+1Z8+eRvv37z/EggF/A/wN8DfA3wB/A/wN8DdQnr+BRsZ/CCCAAAIIlESAmyCAQDYBgrFsKhxDAAEEEEAAAQRKJEAwViJobpMsAWqLAAIIIIBAvgIEY/lKcR4CCCCAAAIIIBCAQAODsQBKRJYIIIAAAggggECCBAjGEtTYVBUBBBCItACFRyCmAgRjMW1YqoUAAggggAAC0RAgGItGO1HKZAlQWwQQQACBBAkQjCWosakqAggggAACCIRPoLzBWPg8KBECCCCAAAIIIFBSAYKxknJzMwQQQACBcglwXwTCKkAwFtaWoVwIIIAAAgggkAgBgrFENDOVTJYAtUUAAQQQiJIAwViUWouyIoAAAggggEDsBCIdjMWuNagQAggggAACCCROgGAscU1OhRFAAAEEChDgEgQCEyAYC4yWjBFAAAEEEEAAgboFCMbqNuIMBJIlQG0RQAABBEoqQDBWUm5uhgACCCCAAAIIpAskORhLl2APAQQQQAABBBAogwDBWBnQuSUCCCCAQNIEqC8CuQUIxnLb8AsCCCCAAAIIIBC4AMFY4MTcAIFkCVBbBBBAAIH6CRCM1c+LsxFAAAEEEEAAgaIKEIwVzMmFCCCAAAIIIIBAwwUIxhpuSA4IIIAAAggEK0DusRYgGIt181I5BBBAAAEEEAi7AMFY2FuI8iGQLAFqiwACCCROgGAscU1OhRFAAAEEEEAgTAIEY+VqDe6LAAIIIIAAAggcFiAYO4zA/wgggAACCMRZgLqFW4BgLNztQ+kQCL3AvHnzrLq62iZNmhT6slJABBBAIIwCBGNhbBXKhECEBMaOHWszZsywyZMn26ZNm8pccm6PAAIIRE+AYCx6bUaJEQiNwMSJE23z5s1+eWpqavw0CQQQQACB/AQIxvJzCt1ZFAiBMAgsXLgwrRgrVqxI22cHAQQQQKBuAYKxuo04AwEEcgjMmTPHqqqq/F8feughP00CAQRiI0BFAhYgGAsYmOwRiKvA3LlzXdU0eL9Vq1YurZ6yvXv3ujQrBBBAAIH8BAjG8nPiLAQQyBC4/fbb3ZFx48bZ6aef7tI7d+60Z555xqUjuaLQCCCAQBkECMbKgM4tEYiDwIIFC1w1unbtapWVlS6t1apVq7RhQQABBBDIU4BgLE+omJ1GdRBosMCuXbusXbt21q1bNztw4ICf38aNG/00CQQQQACBugUIxuo24gwEEMgQ2LFjh7399tv+48nUn7du3Zq6SxoBBBIvAEBdAgRjdQnxOwII1BJ444033LHevXu7beqjSQ3idwdZIYAAAgjkJUAwlhcTJyGAQKrA8uXL3W6vXr3cds+ePW6rlQbxa5vEhTojgAAChQgQjBWixjUIJFzAC8b69+/vJPr27eu2WmksmbYsCCCAAAL5CRCM5efEWWkC7CRdYOXKlY7Am9LCe1ypg+ol2759u5IsCCCAAAJ5CBCM5YHEKQggkC6gzx61aNHCevTo4X7o0KGD23orb0yZt88WAQQQKFggARcSjCWgkakiAsUU2L9/vy1btswGDx7sZ9u9e3c/rcTatWu1YUEAAQQQyEOAYCwPJE5BAIGjAkuXLrWDBw/amWee6R/s2bOnn1Zi/fr12rDUT4CzEUAgoQIEYwlteKqNQKECS5YscZcOHTrUbbXSxK/aeos3wN/bZ4sAAgggkFuAYCy3Db8EJUC+kRb4z3/+48qfGox5Y8fcD4dXmzdvPrzmfwQQQACBfAQIxvJR4hwEEPAF5s+fb23btrXUR5MazN+xY0f/HMaM+RQkEECgzAJRuD3BWBRaiTIiEBKBDz74wPQIcuDAgda4ceO0UqU+qkydkT/tJHYQQAABBGoJEIzVIuEAAgjkEtD8Yvv27bMhQ4bUOiV1rjGds2HDhlrncCBIAfJGAIGoChCMRbXlKDcCZRDQ/GK67WmnnaZN2pIajOmH1157TRsWBBBAAIE6BAjG6gDi5/AJUKLyCbzyyivu5qnTWrgDh1ennHLK4fXR/9esWXN0hxQCCCCAQE4BgrGcNPyAAAKZAq+++qo71KdPH7dNXfXq1St119atW5e2zw4CCCAQQYGSFJlgrCTM3ASBeAjo0WPXrl2tZcuWtSp06qmnph1bvXp12j47CCCAAALZBQjGsrtwFAEEsgiotyvzO5Teae3atbOqqipv12pqavw0iQgIUEQEECibAMFY2ei5MQLREtA3Kbds2WKZPWCptejbt6+/q140f4cEAggggEBOAYKxnDT8EFMBqlWggHrFdGnmQH0d85Z+/fp5Sdu2bZvt3r3b3yeBAAIIIJBdgGAsuwtHEUAgQ2Djxo3uSOqjSHcgZZU55YU34D/lFJIIIIBAggTyqyrBWH5OnIVA4gUWL17sDCorK90222rAgAFphxk3lsbBDgIIIJBVgGAsKwsHEUAgU2DPnj3u0Iknnui22VaZ848x11g2pXgeo1YIIFC4AMFY4XZciUCiBPbu3evq2717d7fNtjr++OOtU6dO/k8M4vcpSCCAAAI5BRrl/IUfEEAgi0ByD3mBleYZO5bC4MGD/Z+9a/wDJBBAAAEEagkQjNUi4QACCGQT0LQWrVu3thYtWmT72T+WOm6MYMxnIYEAAgjkFMgZjOW8gh8QQCCRAppRv65eMcEMGTJEG7doOgzNT+Z2WCGAAAIIZBUgGMvKwkEEEEgVOHjwoG3atMmONV7MO3/o0KFe0m3pHXMMrI4twK8IJFqAYCzRzU/lEchPQD1cCsjyCcY0D1nnzp39jNeuXeunSSCAAAII1BYgGKttwhEEghOIaM4rV650JT/Wp5DcCUdWw4YNO5IyIxjzKUgggAACWQUIxrKycBABBFIFVq1a5XZTvz3pDuRYDRw40P9FvWr+DgkEEEAAgVoCQQVjtW7EAQQQiK7A8uXLXeH79OnjtnWtRowY4Z/CmDGfggQCCCCQVYBgLCsLBxFAIFVg4cKF1rZtW+vZs2fq4ZxpzTXWuHFj9/uGDRvclhUCwQmQMwLRFiAYi3b7UXoEAhfQZ5CWLVtmmW9JHuvGrVq1Mu+RJmPGjiXFbwgggIAZwRh/BQhESKAcRZ07d669//77lvroMZ9yeIP433zzTXvvvffyuYRzEEAAgUQKEIwlstmpNAL5C7zwwgvu5JEjR7ptvisvGNP569ev14YFAQQQQCCLQEiDsSwl5RACCJRF4Omnn7bmzZvXu2cstSdt27ZtZSk7N0UAAQSiIEAwFoVWoowIlElg8+bNtmDBAhs1apQ1a9asXqXQnGQaO6aLvKkxlGZBIHQCFAiBMgsQjJW5Abg9AmEWmDlzpivemDFj3LY+K71NefbZZ7tLtm7d6rasEEAAAQRqCxCM1TbhCAJxFah3vR577DF3zSc+8Qm3re9q+PDh7pItW7a4LSsEEEAAgdoCBGO1TTiCAAKHBfQtymeffdZGjx5tPXr0OHyk/v8PGDDAXVRTU+O2rBBAAAEEagvEMxirXU+OIIBAPQWeeuop2717t5111ln1vPLo6d4blfSMHTUhhQACCGQKEIxlirCPAAJOYNasWW5bXV3ttoWsTj75ZNNCMFaIHtdERYByItBQAYKxhgpyPQIxFfjHP/5h7dq1syFDhjSohu3btzd9Emn//v0NyoeLEUAAgbgKEIzFtWWpFwINEFixYoVpotYLL7zQ9Fbk/7MqbH3RRRfZoUOHjHFjhflxFQIIxF+AYCz+bUwNEai3gPeI8pJLLqn3tZkXDBo0yB16+eWX3ZYVAggggEC6AMFYuofbY4VA0gW8YEyTvTbUwnsBYMmSJQ3NiusRQACBWAoQjMWyWakUAoULaGzX888/b5rSolOnToVndOTKnj17WpMmTWzZsmVHjrBBAIEUAZIIGMEYfwQIIJAm8NJLL9mOHTvsvPPOSzte6I7GnPXv39/oGStUkOsQQCDuAgRjcW9h6odAPQWee+45d8Vpp53mtsVYnX766fb666/bu+++W4zsyAMBBBCIlQDBWKyak8og0DCBnTt32pQpU1wmI0eOdNtirM444wyXzaJFi9yWFQIIIIDAUQGCsaMWxUqRDwKRFfjlL39pb731lp1//vl2wgknFK0eAwcOdHktXrzYbVkhgAACCBwVIBg7akEKgUQLvH74MeLUqVOtadOmNnny5KJaeD1jTG9RVFYyQ8DMQIiDAMFYHFqROiBQBIEJEyaY3qT8yEc+YhpwX4Qs/SxOOukk91kkHlP6JCQQQAABX4BgzKcggUByBTTtxOOPP26NGjWy8ePHBwKhyV+XLl1qBw4cKCh/LkIAAQTiKkAwFteWpV4I1EPgpptucme3adPGqqurXbrYq6FDh7pATFNnFDtv8gtOYNOmTcFlTs4IIOAECMYcQ5hWlAWB0gpMnz7dZsyYYZoP7LrrrrPmzZsHUoDBgwe7fBcsWOC2rIorcMstt9hVV11l69atK1rG06ZNs+7du1uzZs2KlicZIYBAbQGCsdomHEEgUQL6R1wV1mz7n/70p5UMZBk2bJjLd/78+W7LqngCGu/34x//2BQ8XXvttUXLeObMmX5ec+bM8dMkYiRAVUIhQDAWimagEAiUR+DFF18077Fh7969rW/fvoEVpLKy0vr162f/+te/ArtHEjO+4IIL7Pe//71f9aeeesoWLlzo7zck8ZWvfMW/3JsM2D9AAgEEiiZAMFY0SjJCIHoCP/vZz/xCf/SjH/XTQSXOPvts27Bhg73xxhtB3SJXvrE8rvZTj5W+ltCrVy83LYkqqp4yvRmrdEOWFi1a+JfrHv4OCQQQKKoAwVhROckMgegIaOzW008/7QqsXrEvfvGLLh3katSoUS772bNnuy2rwgUUhHnjwzQ/nHrE1POoHNUz5r2Uof1CF93DuzbIR9jePdgikFQBgrG4tTz1QSBPAc22r1MrKips+PDh1qNHD+0GuowePdrln/qPvDvAqt4CX/7yl90YsUmTJpmCXA20/8EPfmBVVVUur9tuu83Wr1/v0oWuvDcplX+heXAdAgjULUAwVrcRZyAQOwHNK/bYY4+5eulR1GWXXebSQa86duxoffr0sX/+859B3yrW+X/ve9+zjRs3WpcuXeycc87x63rFFVeY99aqDt5zzz3aFLw88cQT7tpiPPJ0GbGKnQAVKo4AwVhxHMkFgUgJ/PrXv/bL261bNyvFeDE78t/HPvYxU4+L9+LAkcNs8hSYMmWK3XHHHdahQwfT246pvVYVFRV26aWX+lNRPProo3nmWvu06dOnu4BPvyiI1pYFAQSCESAYC8aVXBEIrYB6VB544AG/fPr8Ufv27f39oBMXX3yxu0W0xo25Ipd99fDDD9uNbxtK1gAAEABJREFUN95oejNVgVi2t19PPfVU91krFXb58uUFzTt28OBB01QZykPLr371K21YEEAgIAGCsYBgyRaBsArcfvvtbiZ8r3yXXHKJlyzJVr1wTZs2tWeeeaYk94vLTe677z7TVBP6ZNVf/vIXO+OMM7JWLfO7ovPmzct63rEO6hG2AjmdM27cOOvcubOSLAggEJAAwVhAsFHNlnLHW2D37t129913+5U87rjj7Pzzz/f3S5Fo1aqVffjDHzYFCfv27SvFLSN9jz179pgG6X/rW98ytdezzz5retSbq1IawK+vKXi/p85B5h071vaDDz6wiRMnulN0v7Fjx7o0KwQQCE6AYCw4W3JGIHQC9957r73zzjuuXCeddJLdfPPNpgH87kAJV+eee67t3bvXmEj02Oga86W52SZPnmwf+tCHTIGY9o91VUVFRdonreo7p9uf/vQne+2119wtNLfYmDFjXJoVAgEIkOURgUZHtmwQQCDmAocOHTI9ovSq2aRJE6vrH3bv3GJv1duiR5XePGfFzj/q+anX8OMf/7jJafv27W781ty5c3M+msysb+ojzK1bt2b+nHP/rbfeMr2pqRPUPuo1Te1l03EWBBAovgDBWPFNyRGBUAqox2PNmjWubBp3pLFbgwYNcvulXmmQuf6xnzVrVqlvXZ775XnXN99806655ho3b9iiRYtcz+Wrr75qP/zhD+vVgylf75bqgdRXD7z9Y20ViOlRts7R38i3v/1tJVkQQCBgAYKxgIHJHoEwCBw4cMC8SV5VHo0L0pQI5er10H1Hjx5tr7zyiq1YsUJFSvyiTxvp7Ui9JXnLLbfYyy+/bJrEVeO26oszcODAtEuef/75tP1sO9OnT7cHH3zQ/+kzn/mMMaWFz0ECgUAFCMYC5U1c5lQ4pAJ6O66mpsYvnf6x/trXvubvlyPhPUpbdLgHqBz3D8s91VupHkoFY5///OddcHr99dfbCSecUHARFeimXvzII4+k7tZKL1261PSmpveDesXGjx/v7bJFAIGABQjGAgYmewTKLaA3FlPnjFJ5rrvuOquoqFCybIs3Xi1ps7trDNhDDz1k+pyRAi69Wap5vTTVx+9+9zv3xmRDG2XAgAF27rnn+pO/Pv7445Zr7Jj+Pj75yU+a3trUfRWIXXDBBXbWWWdplwWBEAvEp2gEY/FpS2qCQFYBzUm1cuVK/7fevXtbqecW82+ekmjTpo3b897udDsxXSkA++1vf2sag6U3FNUDpnZp1qyZKSj797//7caJFbP61157rbVr185lqcfUegzpdlJW7733nntJIPUblrpGPXNe+6ScThIBBAISIBgLCJZsEQiDgP4RvvXWW9OK8tnPftaOP/74tGPl2PHKoE8jleP+Qd5z27Ztdv/999unPvUpO/HEE+3kk0+273//+/bHP/7RNF5PQdmLL75omzdvNs1uf9xxxx2zOIX8OGLECOvXr5/fA5r55qrerr3qqqvsiSeeSMv+O9/5jmU+5kw7gR0EECi6AMFY0UnJEIHwCGh+Kr2N55VIAZD+sfX2y7nt3r27u/3atWvdNuor9X796Ec/cmO9OnXqZOPHjzc9HtyxY4dVVlbaDTfcYGoLvTGpb4MG/RhQn7jS9BgKumSbGXT99Kc/tb/97W/6yV80l9kXvvAFf58EAgiURoBgrDTO3CUvAU4qpoB6XaZMmZKWpaZI0D/SaQfLtKMARWV56aWXylSCht12586dduedd7pHj8OGDTP1fumN1V27drmMNZmuHhU++eSTpgDsF7/4hXkBqDuhBCuVybuNeknnzJnjdhWE/fznP3dpb6U3J//+97+XvIze/dkikGQBgrEktz51j7VAamCgiqq35oorrlAyNMvw4cPdbO+LIvJGpR4t6hHjpZdeagokv/vd77pHj6kBpcbj6XGkesQUDJ933nll89aksUOGDPHvr08jLVy4MO3NSf3YunVrF1j27NlTuywIJEMgRLUkGAtRY1AUBIolsGrVKtOnj7z8Kioq7Oqrr7bOnTt7h0Kx1Vt8KogmGw3jW5VbtmyxP/zhDzZu3Dj3ZqImylWglTn+auTIkaa5wXS+BsprUL7qFYZF5fLK8fDDD5vGkuntTe+YtgrSFEQqzYIAAqUXIBgrvTl3RCBwgQkTJrhvP3o3OuWUU+zrX/+6txuarV4mUIDzwgsv2JVXXmnlDMj0WPeee+6xr371q25aBz1S7Nq1q2mMnYKYTLQLL7zQ9IakXkCYPXu26Q1EvYmYeV6590eNGpWzCF26dDFNp6F2yHkSPyCAQOACBGOBE3MDBEoroEHjCg68u+qzQzfddJN7rOYdC8u2ZcuW9te//tX69Oljjz76qOmFg1KUTT1b6uFSj5zm+Wrbtq1169bN9R7++c9/Nk2CqiArtSwa46ZHjvq+p3rAZsyYYd/4xjdC6ZpabqUnTZqkTdqilzn0koHeqEz7gR0EECi5AMFYycm5YWACZGwaPK7HkakUY8aMMX3aJvVYmNKa+kGBkQIzzUKvweXFKN+yZctMAdNPfvITu/jii00TmVZVVbnHjRrzpbFfd9xxhy1evNg031a2eypA07cip02b5gbhazD+N7/5TX/+rmzXhPGYgjF9haG6utqf6kLfr5w4caK/H8ZyUyYEkiJAMJaUlqaeiRDQYzP12qRWVr1imlw09VjY0pqNX0GOyqVgMrNXSsdzLe+//74pSNJEqnohQI8KVV998knBh94anDVrlulNwnfffTdXNu64eslUDo2h+u9//2v6hNTUqVPtc5/7nPs9yisF5eqF1BQcS5YsMT0abtKkSZSrRNkRKKtAMW9OMFZMTfJCoIwC+pyNepa8IqgXSIGEvnvoHQvzVkGjHheqd0/jtfRm32WXXebm6sost8aWKbDQCwCaQkLn6RNDCqB2796deXqtfb09qEH36vV68MEHTTPgK8+5c+eaHkNq3Jj37cxaF0f8QKtWrUzziUW8GhQfgVgJEIzFqjmpTJIF9BhKc0l5BhrjdPnll3u7od/q8zsak+UVdMOGDa7HS7PY6zeNcdJA8759+5qCqS996Us2c+ZM7/SsW70coB4hPaZ74IEHTGPp1DOkRWkFq8pfvWhZM+CgmYGAAAJBCxCMBS1M/giUSEDjn1JvNXToUNNEnqnHwp7WJ4See+45+81vfmOaCV6PG1Xmffv2ubdDp0+fbmvWrNEhf1Ggpt4/PabUeDM9jtQcX+rp0uNJBakKxjRuTr1hCuT8i0kggAACIRAgGAtBI1CEcAhEuRSrV6+2efPm+VVQT89tt93m70cloTc/Ne7r6quvdvOkaeZ6PY7UgHtNWqt66DGberxuvPFG9wamzpk/f77dd999pp5AjT/To0udy4IAAghEQYBgLAqtRBkRqENAj+BST1EvkR5Tph6LYlpvWGoQ/iOPPGJr165185C9/fbbph4vfVtR315s3LhxFKtGmRFAINkCabUnGEvjYAeB6AloNnVNDaGSN2rUyPT5G70RqH0WBBBAAIHwCxCMhb+NKCECxxTQmCjNHq+TNGeX5s/iMZ00WEIhQCEQQKBOAYKxOok4AYFwC6QO3O/QoYPpEWW4S0zpEEAAAQRSBQjGUjVII1C4QFmu1CzzenvQu/kNN9zAjOoeBlsEEEAgIgIEYxFpKIqJQDaBe++91z980UUX2dixY/19EggggAAC0RCofzAWjXpRSgRiL7Bz50676667XD01H9eVV15Jr5jTYIUAAghES4BgLFrtRWkR8AU0r5b36R99BFuTmvo/kkAgJgJUA4EkCBCMJaGVqWPsBA4dOmR33nmnq1dlZaVdf/319Io5DVYIIIBA9AQIxqLXZpQ4lgL1q9STTz5pNTU17qJRo0bZ4MGDXZoVAggggED0BAjGotdmlBgBmzp1qlPQfGIaK6atO8AKAQQQQCByAiUPxiInRIERCJnAypUrbfbs2a5U/fr1sxEjRrg0KwQQQACBaAoQjEWz3Sh1ggXuvvtuV/vWrVvbxIkTraqqyu2zQgCBWgIcQCASAgRjkWgmConA/wX27dtn06ZNczsdO3a0QYMGGf8hgAACCERbgGAs2u1H6RMmcP/999v27dvdm5OXX365de3a9f8CrBFAAAEEIitAMBbZpqPgSRM4ePCg3Xrrra7a7du3t+rqapdmhQACCCAQbYGoBWPR1qb0CDRAQIP2V69e7XLQoH2ms3AUrBBAAIHICxCMRb4JqUBSBKZMmeKq2qZNG7vmmmtcmhUCCAQpQN4IlEaAYKw0ztwFgQYJrFu3zp/O4swzz7RzzjmnQflxMQIIIIBAeAQIxsLTFpQEgZwCEyZM8H9r3ry5NW3a1N8vRoI8EEAAAQTKJ0AwVj577oxA3gI333yzNWvWzFq2bGl33XVX3tdxIgIIIIBA+AUSFoyFv0EoIQLZBPr372+7du2yd955x7p06ZLtFI4hgAACCERUgGAsog1HsRFAAAEEQi5A8RDIU4BgLE8oTkMAAQQQQAABBIIQIBgLQpU8EUiWALVFAAEEEGiAAMFYA/C4FAEEEEAAAQQQaKgAwVh9BDkXAQQQQAABBBAosgDBWJFByQ4BBBBAAIFiCJBHcgQIxpLT1tQUAQQQQAABBEIoQDAWwkahSAgkS4DaIoAAAskWIBhLdvtTewQQQAABBBAoswDBWAkbgFshgAACCCCAAAKZAgRjmSLsI4AAAgggEH0BahAhAYKxCDUWRUUAAQQQQACB+AkQjMWvTakRAskSoLYIIIBAxAUIxiLegBQfAQQQQAABBKItQDAWnfajpAgggAACCCAQQwGCsRg2KlVCAAEEEECgYQJcXUoBgrFSanMvBBBAAAEEEEAgQ4BgLAOEXQQQSJYAtUUAAQTKLUAwVu4W4P4IIIAAAgggkGgBgrHEND8VRQABBBBAAIEwChCMhbFVKBMCCCCAAAJRFqDs9RIgGKsXFycjgAACCCCAAALFFSAYK64nuSGAQLIEqC0CCCDQYAGCsQYTkgECCCCAAAIIIFC4AMFY4XbJupLaIoAAAggggEAgAgRjgbCSKQIIIIAAAggUKpC06wjGktbi1BcBBBBAAAEEQiVAMBaq5qAwCCCQLAFqiwACCJgRjPFXgAACCCCAAAIIlFGAYKyM+Em6NXVFAAEEEEAAgewCBGPZXTiKAAIIIIAAAtEUiFypCcYi12QUGAEEEEAAAQTiJEAwFqfWpC4IIJAsAWqLAAKxECAYi0UzUgkEEEAAAQQQiKoAwVhUWy5Z5aa2CCCAAAIIxFaAYCy2TUvFEEAAAQQQQKD+AqW/gmCs9ObcEQEEEEAAAQQQ8AUIxnwKEggggECyBKgtAgiEQ4BgLBztQCkQQAABBBBAIKECBGMJbfhkVZvaIoAAAgggEF4BgrHwtg0lQwABBBBAAIGoCRRQXoKxAtC4BAEEEEAAAQQQKJYAwVixJMkHAQQQSJYAtUUAgSIJEIwVCZJsEEAAAaF+kYgAAAB5SURBVAQQQACBQgQIxgpR45pkCVBbBBBAAAEEAhQgGAsQl6wRQAABBBBAAIG6BFKDsbrO5XcEEEAAAQQQQACBIgsQjBUZlOwQQAABBPIR4BwEEPAECMY8CbYIIIAAAggggEAZBAjGyoDOLZMlQG0RQAABBBA4lsD/AAAA//+EiqYBAAAABklEQVQDAE4BrxmBnyaxAAAAAElFTkSuQmCC', '2026-05-24 08:39:54', '2026-05-24 08:39:54'),
(3, 1, 'eksternal', NULL, 'Aries Dwilistiadi', NULL, 'ertret', 'ertret', 'dwilistiadi.aries51@gmail.com', 'data:image/png;base64,iVBORw0KGgoAAAANSUhEUgAAAY4AAADICAYAAAD/cga5AAAQAElEQVR4AezdW2wU1R/A8WOhpYAFK4giFWyklnqhUIUKCCoojVIveH2pRhODRh5MfNCY6IPRBwIPPhg0mqBGEjGxRY1goKgRxKIBRQG1UAwqqVVEkIsWSyn//++QGXZ7Yy+zu+fy/ee/M2dmZ875nc+v8ZdldmbzOjo6TvLCgL8B/gb4G+BvING/gTzF/xBAAAEEEEhCgMKRBBaHIpBRATpHwBIBCocliSJMBBBAwBQBCocpmSAOBBBAwBIBDwqHJZkgTAQQQMASAQqHJYkiTAQQQMAUAQqHKZkgDgQ8EGCKbghQONzIY0Zn8cgjj6j58+erpqamjI5D5wggYIcAhcOOPOUsysWLF6s33nhDrV69Wj355JM5i4OBEUDAHAEKhzm5SD2SDJ65c+fOsPddu3aFbRoIIOCvAIXD39wnNPPKysrwuK6urrBNAwEE/BWgcPib+6RnfvjwYbV+/fqkz+MEBDwS8GKqFA4v0pz6JGM/cUgvGzZskBUvBBDwWIDC4XHyU5n6n3/+mcppnIMAAg4JUDgcSmYmpnLJJZfEddvQ0BC3na0NxkEAAXMEKBzm5MLISEpKStSoUaPC2E6cOBG2aSCAgJ8CFA4/857wrLds2aL27dsXHn/gwAG1f//+cJsGAgj4JqAUhcO/nCc146Kioh7Hr1q1qsc+diCAgD8CFA5/cp3STFtaWnqc98EHH/TYxw4EEPBHgMLhT65Tmmlv36KSZ1Z1dHSk1B8n9SnAGwhYI0DhsCZVuQlUrmnIyHl5p/9UDh48qDZv3iy7eSGAgIcCp/9r4OHkmfKZBeRucTlq6NChsgpfa9euDds0EEDALwHnC4df6Yx+tkeOHNGdjhw5Uq+DBY8eCSRYI+CfAIXDv5wnNeO//vpLH19aWhp3P8fWrVsV93RoGhYIeCdA4fAu5clNOLjGcc4556ja2trw5GPHjnGdI9SgkZgAR7kiQOFwJZMZmkfwiWP06NFqwYIF6rzzzgtH4oGHIQUNBLwSoHB4le7kJ/vbb7/pky644AJVVVWl8vPz9bYsNm3aJCteCCDgmQCFw/6EZ2wGcq9GUDguuugiPc5LL72kBg8erNtygVyO0RssEEDAGwEKhzepTn6isc+kKisr0x1MmzZNzZw5U7ePHj2q5CK53mCBAALeCFA4vEl18hPdvXt3eFLwiUO+lhtc95A3lyxZIiteCCAgAp68KByeJDqVaf7000/hacOGDQvbjz32WNj+448/wjYNBBDwQ4DC4UeeU5pl8CNOhYWFasiQIWEfd955pyooKNDbX331lTp06JBus0AAAT8EKBx+5DmlWco1DDkx9ptUsi2PH3nwwQelqV+Z/1quHoYFAggYIkDhMCQRJoYhN/lJXOeff76s4l5jxowJtxsbG8M2DQQQcF+AwuF+jlOeYXt7uz439qdj9Y7/L+bMmfP/5an/r1y5Uh0/fvzUBksEEHBaQCZH4RAFXr0KBNcueiscU6dOVQ899JA+T36zg6/lagoWCHghQOHwIs2pTTJ4TpXcNd5bD8EFcnmvoaFBVrwQQMADAQqHB0lOdYrBV22Dezi69/PAAw8ouVAu++vr62XFK1UBzkPAIgEKh0XJynaoe/fu1UOWl5frdfdFZWVl+Gh1Oba1tbX7IWwjgICDAhQOB5Ma1ZSkGEhfJSUlsurxkn+qmjx5crh/+fLlYZsGAgi4K+B44XA3cdmY2c8//6yHCW4E1BvdFosXL1byyHXZvWbNGlnxQgABxwUoHI4nONXpyc1/8rOxcsf48OHD++xmwoQJSr5VJQc0NTWptrY2afJCAAGHBSgcDic3nakFDzIcN25cv91IUVm0aFH4Ox3Lli3r93je9FeAmbsjQOFwJ5eRziT4RlXsL/71NcCsWbNUcXGxfnvFihWqq6tLt1kggICbAhQON/Oa9qx+//133Yc8Rl03+lnINZARI0boI1paWhTPrtIULBBwVoDCYXtqMxS/XK+QrhN5lEhRUZF6+OGHlfyzlZzDt6tEgRcC7gpQONzNbVozO3z4sD7/7rvv1uszLe64447wUevvvPOOCs4/03m8jwAC9glQOOzLWVYiDn7EadKkSQmNJ3eXy7OrzjrrLP3AQ/mabkInchAC7gh4MxMKhzepTm6i3377rRo4cKCS6xeJnjlx4kR18uRJffjSpUv1mgUCCLgnQOFwL6dpz0juyzh48KC68sorw39+SqTT22+/PTzsn3/+UT/88EO4TQMBBNwRoHC4k8vIZiLfjJLO5BOErBN9DRo0SD311FPh4Y8//njYTqfBuQggYJYAhcOsfBgRTfCokYqKiqTjufXWW8NPKevXr1c8bj1pQk5AwHgBCofxKcp+gM3NzXpQefqtbiSxkB94kuIRnHL//fcr+ZZVsM0aAQRsFjgVO4XjlAPLGIHgn6rkOVQxuxNuPvroo+GxnZ2dauPGjeE2DQQQsF+AwmF/DiOfwbZt25TcMT5mzJiU+r7uuuvUTTfdFJ772muvqeeff17t2bMn3EcDAQTsFaBw2Ju7jET+999/K/nEMWXKlLT6X7JkiYp9QKIUjunTp6vq6mpdROT6hzx9N61B3DmZmSBglQCFw6p0ZT7Y4Cu0VVVVaQ122WWXKXlqbmwn8sTdrVu36sIhn0gWLFig5Dc82tvbYw+jjQAChgtQOAxPULbD+/zzz/WQ1157rV6ns7jrrrvUs88+22cX8o2r2267TV166aXql19+6fM43kAAAbMEnC4cZlHbEc0333yjA508ebJep7uQwrFu3bp+u5FHuL/11lv9HsObCCBgjgCFw5xc5DwS+R2NL7/8Usm3qc4999zI4pGL5XLd5OWXX9afQOSTSPfO5dNH931sI4CAmQIUDjPzkpOodu7cqX/6Vf5DH3UAcqFcHr0un0Dkx57kNzvkwYjBOHJtRS6gB9usXRNgPi4JUDhcymaacwnut5g9e3aaPZ359GuuuUa9//77cQfKJxL5ZBK3kw0EEDBOgMJhXEpyF1BjY6PKy8tTM2fOzEoQ48ePV7H/bCXfuuIu86zQMwgCaQlQONLiy/nJkQbw8ccfq9LSUn3zX6Qd99HZ4MGD1aMxd5nLYcHFeWnzQgABMwUoHGbmJetR/frrr0oehT527Nisji3XU+T6RzAohSOQYI2AuQIUDnNzk9XIvv76az1ebW2tXmdzEXsPR1tbm5K7yrM5PmMhEImAR51QODxKdn9T3bJli367vLxcr7O5WLhwYThcXV2dkk8h4Q4aCCBgnACFw7iU5CYguX9DRk73USPSR7KvF198UclNgh9++KF6/fXXkz2d4xFAIMsCFI4sg5s4XEdHh9q8ebMaPXp01i6Md3eQTxk1NTXddyul2IUAAqYJUDhMy0gO4tm9e7c6duyYuuKKK3IwOkMigIBtAhQO2zKWgXi/+OIL3evll1+u1ywQQACB3gSCfRSOQMLjdVA4rrrqKo8VmDoCCCQqQOFIVMrh4+QX/2R6ZWVlsuKFAAII9CtA4eiXx/035Rf/mpubVX5+Ptc4cpVuxkXAMgEKh2UJizrcTZs2qc7OTlVRUaEKCgqi7p7+EEDAQQEKh4NJTWZKwfWNGTNmJHMaxyKAgMcCDhcOj7OaxNTlwYZy+JQpU2TFCwEEEDijAIXjjETuHnD06FG1Y8cOPcGofipWd8YCAQScFqBwOJ3e/icnDxOUu8ZHjhypuIejfyveTU+As90SoHC4lc+kZhM8n4r7N5Ji42AEvBegcHj8J7BmzRo9++rqar1mgQACCCQiQOFIRMnUY9KIa9++feq7777TPUyfPl2vWSCAAAKJCFA4ElFy8JhPP/1Uz6qwsFDxVVxNwQIBBBIUoHAkCOXaYZ988omeknzaGDRokG6zQACBlAW8OpHC4VW6T022q6tLNTY26g35HQzdYIEAAggkKEDhSBDKpcO2b9+u2tra9JRmz56t1ywQQACBRAUoHIlKOXRc8GmjuLhYXX311UbPjOAQQMA8AQqHeTnJeERy458MMmvWLDVgwABp8kIAAQQSFqBwJEzlxoHt7e0q+EbV3Llz3ZgUs0AAgSwInB6CwnHawouWPA1XHqM+fPhwNX/+fC/mzCQRQCBaAQpHtJ7G9/bZZ5/pGEeMGKHkGVV6gwUCCCCQhACFIwksFw4NHqM+Z84cF6bjwhyYAwLWCVA4rEtZ6gG3traqbdu26Q5qamr0mgUCCCCQrACFI1kxi4+Xi+JyfWPgwIHqhhtusHgmhI4AArkUcLZw5BLV1LGD+zfkR5uKiopMDZO4EEDAcAEKh+EJijK8DRs2KHkuVV1dXZTd0hcCCHgmQOHwJOHNzc36MSP//fefmjBhgiezZppmCBCFawIUDtcy2sd8grvFS0pKFA827AOJ3QggkJAAhSMhJvsPCq5v3HzzzSovj7Tbn1FmgEDuBPgvSO7s0x054fP37Nmj1q5dq48fP368XrNAAAEEUhWgcKQqZ9F5zz33nOro6NARyw836QYLBBBAIEUBCkeKcLactnr1avX222/rcOVpuNXV1brNAgEEIhTwrCsKh+MJf+aZZ8IZPvHEE2GbBgIIIJCqAIUjVTkLznv33XfV999/ryOVTxq33HKLbrNAAAEE0hGgcKSjZ/i5L7zwQhjhpEmTwrY9DSJFAAETBSgcJmYlgpjk08aPP/6oe7r44ovV008/rdssEEAAgXQFKBzpChp6/qJFi8LIysrK1IUXXhhu00AAAQSSFYg9nsIRq+FIW37lb/v27eFsqqqqwjYNBBBAIF0BCke6ggaev2LFirio5s6dG7fNBgIIIJCOAIUjHT0Dzz1+/Liqr68PIysoKFDyjapwBw2zBIgGAQsFKBwWJq2/kDdu3KgOHDgQHiJ3ikvxCHfQQAABBNIUoHCkCWja6atWrYoL6frrr4/bZgMBBBBIV8DRwpEui73ndy8c/DOVvbkkcgRMFaBwmJqZFOLasWOHkifhBqfm5+erGTNmBJusEUAAgUgEKByRMJrRSUNDQ1wg8lDDwsLCuH1sIJBtAcZzT4DC4UhOOzs71Ztvvhk3m3nz5sVts4EAAghEIUDhiELRgD7WrVunWltb4yKpra2N22YDAQQQiEKAwhGFYi766Dbm8uXL4/bcc889Sp5RFbeTDQQQQCACAQpHBIi57mLv3r3qvffeC8PIy8tT9957b7hNAwEEEIhSgMIRpWaO+lq6dKk6ceJEOLr8rnhNTU24TQMBBDIq4F3nFA7LUy53iS9btixuFvfdd5/i21RxJGwggECEAhSOCDFz0dUrr7yiDh06FA49bNgwVVdXF27TQAABBKIWoHBELZrl/lauXBk34sKFC1VpaWncPls3iBsBBMwUoHCYmZeEozr77LPjji0uLo7bZgMBBBCIWoDCEbVolvubNm1a3IhTp06N22YDAQQQSF8gvgcKR7yHdVvyPKrYoCsrK2M3aSOAAAKRC1A4IifNbof//vtvOGB5ebkaT4y1mgAABBxJREFUOnRouE0DAQQQyIQAhSMTqlns88iRI+Fo3f/ZKnyDhqkCxIWAlQIUDivTdjro/fv3hxs8Qj2koIEAAhkUoHBkEDcbXcd+4hg3blw2hmQMBBDwXMDJwuFTTocMGRJOd9SoUWGbBgIIIJApAQpHpmSz1G/sxfDYTx9ZGp5hEEDAQwEKh+VJHzt2bDiDXbt2hW0aCJghQBQuClA4LM/qxIkTwxm0tLSEbRoIIIBApgQoHJmSzVK/sYXj1VdfzdKoDIMAAj4LUDjszH4YdUVFhRowYIDe7ujo0GsWCCCAQCYFKByZ1M1C31I06uvr1Y033qiampqyMCJDIICA7wIUDgf+AubNm6c++ugjJZ8+HJgOU0DALgEPo6VweJh0powAAgikI0DhSEePcxFAAAEPBSgcHibdjikTJQIImCpA4TA1M8SFAAIIGCpA4TA0MYSFAAIImCLQPQ4KR3cRthFAAAEE+hWgcPTLw5sIIIAAAt0FKBzdRdhGIFsCjIOApQIUDksTR9gIIIBArgQoHLmSZ1wEEEDAUgEHC4elmSBsBBBAwBIBCocliSJMBBBAwBQBCocpmSAOBBwUYEpuClA43Mwrs0IAAQQyJkDhyBgtHSOAAAJuClA4bMwrMSOAAAI5FKBw5BCfoRFAAAEbBSgcNmaNmBFAwBQBL+OgcHiZdiaNAAIIpC5A4UjdjjMRQAABLwUoHF6m3fxJEyECCJgrQOEwNzdEhgACCBgpQOEwMi0EhQACCJgi0DMOCkdPE/YggAACCPQjQOHoB4e3EEAAAQR6ClA4epqwB4FsCDAGAtYKUDisTR2BI4AAArkRoHDkxp1REUAAAWsFnCsc1maCwBFAAAFLBCgcliSKMBFAAAFTBCgcpmSCOBBwToAJuSpA4XA1s8wLAQQQyJAAhSNDsHSLAAIIuCpA4bAvs0SMAAII5FSAwpFTfgZHAAEE7BOgcNiXMyJGAAFTBDyNg8LhaeKZNgIIIJCqAIUjVTnOQwABBDwVoHB4mnizp010CCBgsgCFw+TsEBsCCCBgoACFw8CkEBICCCBgikBvcVA4elNhHwIIIIBAnwIUjj5peAMBBBBAoDcBCkdvKuxDINMC9I+AxQIUDouTR+gIIIBALgQoHLlQZ0wEEEDAYgHHCofFmSB0BBBAwBIBCocliSJMBBBAwBQBCocpmSAOBBwTYDruClA43M0tM0MAAQQyIkDhyAgrnSKAAALuClA4bMst8SKAAAI5FqBw5DgBDI8AAgjYJkDhsC1jxIsAAqYIeBsHhcPb1DNxBBBAIDUBCkdqbpyFAAIIeCtA4fA29eZOnMgQQMBsAQqH2fkhOgQQQMA4AQqHcSkhIAQQQMAUgd7joHD07sJeBBBAAIE+BCgcfcCwGwEEEECgd4H/AQAA//8Z6WQBAAAABklEQVQDAOxCN47D0sJTAAAAAElFTkSuQmCC', '2026-05-24 08:48:09', '2026-05-24 08:48:09'),
(4, 1, 'eksternal', NULL, 'Aries Dwilistiadi', NULL, 'ertret', 'ertret', 'dwilistiadi.aries51@gmail.com', 'data:image/png;base64,iVBORw0KGgoAAAANSUhEUgAAAY4AAADICAYAAAD/cga5AAAQAElEQVR4AezdWYgc1RfH8dNjVk0mmoxxwbgFV1xQIoILgigG9ckFRRBFjCCIuID6IogK+iCiSASViLsPgiL6IChq3MEYjahJ1MRM4hgjZiHLZDJZxpwbb6Wrp2eS6anquvfc7x+7u6qXW+d+zvj/2V3V1R39/f0DXDDgb4C/Af4G+BvY37+BDuF/CCCAAAIIjECA4BgBFk9FoFQBBkcgEgGCI5JGUSYCCCAQigDBEUonqAMBBBCIRCCB4IikE5SJAAIIRCJAcETSKMpEAAEEQhEgOELpBHUgkIAAU7QhQHDY6COzQAABBNomQHC0jZoNIYAAAjYECA4LfWQOCCCAQBsFCI42YrMpBBBAwIIAwWGhi8wBAQRCEUiiDoIjiTYzSQQQQKA4AYKjOEtGQgABBJIQIDiSaHP8k2QGCCAQjgDBEU4vqAQBBBCIQoDgiKJNFIkAAgiEIiBCcITTCypBAAEEohAgOKJoE0UigAAC4QgQHOH0gkrSFmD2CEQjQHBE0yoKRQABBMIQIDjC6ANVIIAAAtEImA+OaDpBoQgggEAkAgRHJI2iTAQQQCAUAYIjlE5QBwLmBZigFQGCw0onmQcCCCDQJgGCo03QbAYBBBCwIkBwxN9JZoAAAgi0VYDgaCs3G0MAAQTiFyA44u8hM0AAgVAEEqmD4Eik0UwTAQQQKEqA4ChKknEQQACBRAQIjkQaHfc0qR4BBEISIDhC6ga1IIAAAhEIEBwRNIkSEUAAgVAEtA6CQxW4IIAAAgjstwDBsd9UPBEBBBBAQAUIDlXggkDVAmwfgYgECI6ImkWpCCCAQAgCBEcIXaAGBBBAICIB48ERUScoFQEEEIhEgOCIpFGUiQACCIQiQHCE0gnqQMC4ANOzI0Bw2OklM0EAAQTaIkBwtIWZjSCAAAJ2BAiO2HtJ/QgggECbBQiONoNb2tycOXNk3Lhx8tBDD1maFnNBAIF9CBAc+wDi4aEFXn75ZffgvHnz3C1XCCQukMz0CY5kWl3sRPv6+rIBt2zZki2zgAAC9gUIDvs9LmWGX3zxRTbu5s2bs2UWEEDAvgDBYb/H0c+QCSCAQFgCBEdY/YimGt0pHk2xFIoAAoUKEByFcqYz2JIlS3KT7e7uzq2zggACFgX2zIng2OPA9QgFli5dmnvFihUrcuusIICAXQGCw25vS53ZQQcdlBu/q6srt84KAgjYFSA47Pa21JnVarXc+D09Pbl1VkYkwJMRiEqA4IiqXeEUOzAwkCtm7NixuXVWEEDArgDBYbe3pc5s/PjxpY7P4AggEK6A6eAIlz3+ynp7e3OT2LlzZ26dFQQQsCtAcNjtbakza/weR+N6qRtncAQQqFSA4KiUP96NNwZFrZbfWR7vzKi8HAFGtSRAcFjqZhvncsABB+S2tmvXrtw6KwggYFeA4LDb21JnNmHChNz4jeu5B1lBAAFTAgRH3O2srPrOzs7ctidNmpRbZwUBBOwKEBx2e1vqzCZOnJgb/8ADD8yts4IAAnYFCA67vS11ZlOnTs2NP23atNw6KwgkJ5DQhAmOhJpd5FQbP6riHUeRuoyFQNgCBEfY/Qm2uilTpmS16aG5Y8aMydZZQAAB2wIEh+3+lja7+uBoPDS32I0yGgIIhCZAcITWkUjqqf+oaseOHZFUTZkIIFCEAMFRhGKCY/T19WWzbtxRnj3AAgIImBLwkyE4vAS3IxKo/8U/gmNEdDwZgegFCI7oW1jNBFatWpVtuPHXALMHWEAAAZMCBIfJtpY/qe7u7mwj/f392TILLQjwEgQiEyA4ImtYKOWuXr06K6Wjgz+jDIMFBBIQ4N/4BJpcxhR7enrKGJYxEUAgAgHDwRGBfsQlLl++PKu+VuO3ODIMFhBIQIDgSKDJZUxx5cqV2bC1GsGRYbCAQAICBEcCTS56ihs3bpQ1a9Zkw9ZqBEeGwUJTAe60JUBw2OpnW2bz888/57bDzvEcBysImBcgOMy3uPgJLl68ODcowZHjYAUB8wIER8wtrqj277//PrdlTnKY42AFAfMCBIf5Fhc/wQULFrhBx44d624nT57sbrlCAIE0BAiONPpc2Cy3b98uP/30kxvPf0S1bds2t84VAgkLJDV1giOpdo9+sl9++aX4oNAQ0RGXLVumN1wQQCARAYIjkUYXNc358+e7oWq1vYfgnnnmme4+rhBAIA0BgiONPhc2y3Xr1rmxpk+fLrt27XLLZ511lrst44oxEUAgPAGCI7yeBF2R379x6KGHZnXOmDEjW2YBAQTsCxAc9ntc2Az1HcbChQvdeIcccoi71avDDjtMb7gggIBpgb2TIzj2WrC0DwH98aYtW7YMetbRRx896D7uQAABuwIEh93eFj4z/25DBx4zZozeuAu/AOgYuEIgGQGCI5lWj36i3333XTaIfmzlVw4//HC/yO3IBXgFAtEJEBzRtay6gr/66qts4/40I52dnTJhwoTsfhYQQMC+AMFhv8eFzHBgYCD7xrieamTTpk1u3EmTJrlbrhBAIB0Bs8GRTgvbM1P94aYNGza4jc2cOVN8cHR1dbn7uEIAgXQECI50ej2qmX799dfZ6/Wb4r29vW6dHeOOgSsEkhIgOJJqd+uTrd+/MWvWLPHnqfL7OlofmVfaF2CG1gQIDmsdLWk+n3/+eTby2WefnS3XH12V3ckCAgiYFiA4TLe3mMnpvg3/c7H6/Q09N5XuINfRCQ5V4IJAWgIER7z9blvl9b/4d+qpp4oeSTVx4kS3/f7+fnfLFQIIpCNAcKTT65Zn+s0332SvPeecc9yyP8nh5s2b3TpXCCCQjgDBkU6vW57pokWLsteee+65bvmII45wtxs3bnS3XCGQtEBikyc4Emt4K9OtPxTX7xj3Z8f9999/WxmS1yCAQMQCBEfEzWtH6WvWrJHVq1e7TY0fP15OPPFEt+zfcezYsUO2bt3q7uMKAQTSECA40uhzy7N88cUXs9fq0VT+vFT1p1L3vwqYPbGwhXIH+ueff+SZZ56Rv/76q9wNMToCxgQIDmMNLXI6esTU008/nQ05efLkbLn+x5v0cN3sgUgW/vzzT7nsssvk3nvvleeffz6SqikTgTAECI4w+hBkFfpuo/7dxO23357Vedxxx2XLa9euzZZjWPj111/lwgsvFP1uyumnny633XZbDGVTIwKVCtRvnOCo12A5J/Dcc89l61OnTpXZs2dn69OmTcuWm/0qYPZgYAsvvfSSnHbaadLT0yPnnXeefPbZZ3LkkUcGViXlIBC2AMERdn8qq05/tEn/i9wXoP+Frt8a9+saJH5/h78v5Nv169fL3Xffnb27uPLKK+Wjjz4STtIYcteoLVQBgiPUzlRc11tvvZWrQIMjd8fuFf8lwL6+vt1r4f6zfPlyOf/882Xu3LmuyHvuuUd0fvVB6B6o4optIhChAMERYdPaUfLHH3+c24zuC8jdsXvFf1wV6kdV+i7juuuuk5NPPll+//139+5i3rx58vjjjwtn9d3dQP5BoEUBgqNFOMsv09OI/PDDD7kpnnLKKbl1XdGPq/Q2tMvixYvlrrvuEv2uyTvvvOPKu+CCC2ThwoVy4403unWuEECgdQGjwdE6CK8UqT83lXroSQ39x1K67i/6hUBd1i8B6m3Vl7fffluuvfZa0R+aevbZZ0XP3NvZ2Sm33nqr259RfyRY1bWyfQRiFiA4Yu5eSbXPnz8/N/IZZ5zR9KMdf9qRcePG5Z7fzpW///5bHn30UTnqqKPk+uuvl3fffVf0f1OmTJEHHnhAfvnlF9EQ6ejgT11duCBQhAD/NhWhaGyMxuDQHcvNpujfcQwMDDR7uNT79DQo9913nzsFysMPPyz6LXDd4AknnCBPPPGELFmyRPT+6dOn691cKhRg0/YECA57PR3VjPTLcY0fVc2u+/5G/eD+VB31+0P046GlS5fWP63Q5QULFsgtt9wixx9/vDz11FOiR3Tpj0rdcMMN8sEHH7gv9d15553id9wXunEGQwABJ0BwOAauvIAedeSX9Vb3EegX5XS58aLnrtL79LQkjzzyiDt1R1dXl+gRWPrxlZ7SQ/cv6MdHelSTPne4i36v4s0333QfMV1yySVy1VVXiR4VddJJJ7n9FnqCxUsvvVRee+012blzp+jhtDfddJMLC/1i38UXXzzc8DyGAAIFCXQUNA7DtFugpO299957uZFnzZrVdP+GPkk/CtL/o9dlDY477rhD9IgsXdfLJ598Iq+88orbYa2/HKhhMnPmTBcs+pHSMcccIwcffLDo/Xq5/PLLRYPgySefdN/ofv/990WPivrjjz9Ej5RasWKF6KG/ejTX/fffL8uWLZMXXnhBjj32WN0cFwQQaJMAwdEm6Fg2U38iQ61Z3zXo7VCXq6++WvRS/3itVqtfzS2vWrVK9KOs7u5ud7r23t7e3OPNVvQ7F/quR3eA60kJV65cKRpUerhts+dzHwIIlCtAcJTrG93ojTvC9dDWfU1C33XomXR/++030Yu+E3jjjTfcO439eb0fXwNCfyhKd3rrGWs//PBD0V8Y1N/7+PTTT0W/Af7YY4+5dyj+NdwiEIBAciUQHMm1fPgJ63/V1z/D78eov2+oZf3oSS86xjXXXCOvv/66fPvtt+7jJf0m+quvvioPPvjgoIt+HLVo0SL3g1C6Y14Pr7355pvloosukpjOhzWUC/cjYE2A4LDW0VHOR3c4+yE0APx3Nfx9rdzqUU/6zW3d0d0sOK644gpp9s30VrbFaxBAoHwBgqN846i2oB85+YL16Ci/XMUt20QAgTAFCI4w+1JZVdu3b8+2rYfBZissIIAAAv8LEBz/Q3CzR0A/VtqzJMK3rr0EtwikLpCfP8GR90h+Tb9X4RFCOXmhr4dbBBAIQ4DgCKMPwVShJwf0xeihsH6ZWwQQQMALEBxeglsnoOeAcgu7r3788cfd1/xTogBDIxClAMERZdvKK3rGjBnZ4I1nyc0eYAEBBJIWIDiSbv/gyesOcX+6dM4wO9iHexBAQMRkcNDY0Qn09PTI3Llz3TmlRjcSr0YAAYsCBIfFro5yTnoq9Tlz5oh/5zHK4Xg5AggYEyA4jDWU6SAQlgDVWBQgOCx2lTkhgAACJQoQHCXiMjQCCCBgUYDgiLOrVI0AAghUJkBwVEbPhhFAAIE4BQiOOPtG1QggEIpAgnUQHAk2nSkjgAACoxEgOEajx2sRQACBBAUIjgSbHseUqRIBBEIVIDhC7Qx1IYAAAoEKEByBNoayEEAAgVAEGusgOBpFWEcAAQQQGFaA4BiWhwcRQAABBBoFCI5GEdYRaJcA20EgUgGCI9LGUTYCCCBQlQDBUZU820UAAQQiFTAYHJF2grIRQACBSAQIjkgaRZkIIIBAKAIERyidoA4EDAowJZsCBIfNvjIrBBBAoDQBgqM0WgZGAAEEbAoQHDH2lZoRQACBCgUIjgrx2TQCCCAQowDBEWPXqBkBBEIRSLIOYVJRyQAAAh1JREFUgiPJtjNpBBBAoHUBgqN1O16JAAIIJClAcCTZ9vAnTYUIIBCuAMERbm+oDAEEEAhSgOAIsi0UhQACCIQiMLgOgmOwCfcggAACCAwjQHAMg8NDCCCAAAKDBQiOwSbcg0A7BNgGAtEKEBzRto7CEUAAgWoECI5q3NkqAgggEK2AueCIthMUjgACCEQiQHBE0ijKRAABBEIRIDhC6QR1IGBOgAlZFSA4rHaWeSGAAAIlCRAcJcEyLAIIIGBVgOCIr7NUjAACCFQqQHBUys/GEUAAgfgECI74ekbFCCAQikCidRAciTaeaSOAAAKtChAcrcrxOgQQQCBRAYIj0caHPW2qQwCBkAUIjpC7Q20IIIBAgAIER4BNoSQEEEAgFIFmdRAczVS4DwEEEEBgSAGCY0gaHkAAAQQQaCZAcDRT4T4EyhZgfAQiFiA4Im4epSOAAAJVCBAcVaizTQQQQCBiAWPBEXEnKB0BBBCIRIDgiKRRlIkAAgiEIkBwhNIJ6kDAmADTsStAcNjtLTNDAAEEShEgOEphZVAEEEDArgDBEVtvqRcBBBCoWIDgqLgBbB4BBBCITYDgiK1j1IsAAqEIJFsHwZFs65k4Aggg0JoAwdGaG69CAAEEkhUgOJJtfbgTpzIEEAhbgOAIuz9UhwACCAQnQHAE1xIKQgABBEIRaF4HwdHchXsRQAABBIYQIDiGgOFuBBBAAIHmAv8BAAD//x/kJ9kAAAAGSURBVAMATeqkf3G4q7gAAAAASUVORK5CYII=', '2026-05-24 08:54:59', '2026-05-24 08:54:59'),
(5, 1, 'eksternal', NULL, 'UJANG SANTOSA', NULL, 'UJANG SANTOSA', 'UJANG SANTOSA', 'dwilistiadi.aries51@gmail.com', 'data:image/png;base64,iVBORw0KGgoAAAANSUhEUgAAAY4AAADICAYAAAD/cga5AAAQAElEQVR4AeydCdhVRRnH57LEJooglCgCgqAhCqIokUmWadriFuJWT1lGmllpaWZm2JNltluaEYbWU2iULVqaspWKIAguqIiAIiCKiAuorPEbmeO557uX77vfd+85M+f+fZhzZuYs885vPs//nlne02rDhg1bFcRAfwP6G9DfgP4Gmvo30MroPxEQAREQARGogICEowJYOlUEakpANxeBQAhIOAJpKJkpAiIgAr4QkHD40hKyQwREQAQCIVAHwhFIS8hMERABEQiEgIQjkIaSmSIgAiLgCwEJhy8tITtEoA4IqIr5ICDhyEc7qhYiIAIikBoBCUdqqFWQCIiACOSDgIQjD+2oOoiACIhAigQkHCnCVlEiIAIikAcCEo48tKLqIAIi4AuBurBDwlEXzaxKioAIiED1CEg4qsdSdxIBERCBuiAg4aiLZg6/kqqBCIiAPwQkHP60hSwRAREQgSAISDiCaCYZKQIiIAK+EDBGwuFPW8gSERABEQiCgIQjiGaSkSIgAiLgDwEJhz9tIUvqm4BqLwLBEJBwBNNUMlQEREAE/CAg4fCjHWSFCIiACARDIPfCEUxLyFAREAERCISAhCOQhpKZIiACIuALAQmHLy0hO0Qg9wRUwbwQkHDkpSVVDxEQARFIiYCEIyXQKkYEREAE8kJAwhF+S6oGIiACIpAqAQlHqrhVmAiIgAiET0DCEX4bqgYiIAK+EKgTOyQcddLQqqYIiIAIVIuAhKNaJHUfERABEagTAhKOOmnosKsp60VABHwiIOHwqTVkiyUwffp0M3bsWHPFFVfYtDYiIAJ+EZBw+NUesmYbgYkTJ5oJEyZY4Rg3bty2HP0TARHwhQB2SDigoOAVgcmTJ0f2zJgxI4orIgIi4AcBCYcf7SArthMYP368ef3117enjJFwRCgUEQFvCEg4vGkKGQKBSZMmsSsK8TeQogN5SqguIhAQAQlHQI1VD6bOnz+/QTUXLFjQIE8ZIiAC2RGQcGTHXiUnCCxatMisXbs2kWvM7rvv3iBPGSIgAtkRyLlwZAdWJVdOYNWqVSUvWrJkScl8ZYqACGRDQMKRDXeVWoLA9OnTS+Qa8+yzz5bMV6YIiEA2BCQc2XBXqSUIPPjggyVyjZk6dWrJfGWGRUDW5oeAhCM/bRl0TbZu3WpmzZpVsg7t27cvma9MERCBbAhIOLLhrlITBJYvX25WrlwZ5bZr1y6KL1261JTrxopOUkQERCA1AhKO1FDXqKCc3Hb27NlFNenbt29RevXq1UVpJURABLIjIOHIjr1KjhGYOXNmLGXMUUcdVZTWWo4iHEqIQKYEJByZ4lfhjsDcuXNd1O4PPvhgc9BBB9k4m3g3FmkFEfCQQN2YJOGom6b2t6KbN282ya6qkSNHms6dO0dGP/nkk1FcEREQgWwJSDiy5a/StxF45plnzPr167fF3vrHLCpWi++yyy5vZWzbvvrqq9u2+icCIuADAQmHD61Q5zYk12/QRdW2bVtz4IEHWjJskl1Z5CmIgAhkQ0DCkQ13lRojkHRsOGzYMHt0t912s3u3ufPOO11UexEQgQwJSDgyhK+i3yKQfJs44IAD7IF+/frZvdtonMOR0F4EsiLwVrkSjrc4aJshgUcffbSo9EMPPdSmhw8fbvduI9cjjoT2IpAtAQlHtvzrvnQGveNODBkY79+/v+XC4HjHjh1tnE05lyQcUxABEUiPgIQjPdYqqQSBp556qih34MCBpk2bNjavUCiY7t272zib5557rsgtCXk5CaqGCARFQMIRQHOtWbPGnHrqqeacc84JwNrKTHziiSeKLnDjGy6zd+/eLmr3c+bMsXttREAEsiMg4ciOfZNLvu2228zkyZPN+PHjc+fsb/HixUUcBg8eXJROCsd9991XdFwJERCB9AnkWjjSx1mbEqdMmRLd+IgjjojieYgsWrSoqBpDhw4tSu+6665F6ccff7worYQIiED6BCQc6TOvuET69iu+KJALli1bVmTpoEGDitI9e/YsSifXfBQdVEIERCAVAhKOVDC3rJA333wzukHevkvx9NNPR3XDzUhy0V+PHj2i40SYgfXGG28QVQiKgIzNEwEJRwCt+dprr0VWzpgxI4qHHuGrf/ipcvXAI66Lu/0ee+zhona/ZcsWExcbm6mNCIhAqgQkHKnibl5hzz//fHQhv8qjROCRtWvXGjzjumrsu+++Lhrt3/Wud0VxF0kOqLt87UVABNIhIOFIh3OLSol3zdx9993xewUdX758eZH9bsV4PLNPnz7xpI0nB9RtpjYiIAKpEZBwpIa6+QXFxzji8ebf0Y8rV61aVWRIcg0HBzt06FC0CJC8pUuXslMQARHIiICEIyPwlRQbf+PYtGlTJZd6fW5cOLp06WJ69epV0t5kfnxcpOQFyhSBLAjUUZkSDs8bG9GIjwOsW7fOc4ubbt7KlSujk/kGR+vWraN0PCIvuXEaiotA9gQkHNm3wQ4tiP8q58QVK1awy0WID/onF/7FK5hc24F/K2Zkxc9RXAREID0CEo70WDerpCVLlhRdRzdNXrqr4qLIG0dRRaOEMckpuYzzxEUndqqiIiACKRCQcKQAuSVFrF69uujyjRs3mrw8NOMr4g877LCiesYTrVo1/DNdsGBB/BTFRUAEUiTQ8P/IFAtXUY0TKBQKDU6iq6ZBZoAZbjruXnvtVXZgnGode+yx7IpCKTEpOkEJERCBqhNwN5RwOBKe7umWSZr25JNPJrOCTL/wwgvW7hEjRth9uU23bt3KHVK+CIhABgQkHBlAr6TIeHeOuy4PXVUbNmwwfP2POg0bNozdDkNyDKRz5847PF8HRUAEakdAwlE7tlW5M76ZkjfKw8pp3jYYr6FuOxrf4HipkBSSUucEkydDRSAwAhIOzxsMb7CYGPcS6/LIDzW4t6Z27dqZ5MebknXCqeHcuXOj7L59+0ZxRURABNInIOFIn3lFJb744ov2/L333tvu2fAgZR9ycOtRRo8ebTp16lRRVdavX1/R+TpZBESgugRyLBzVBZXV3Zxw9O7dOzLBzUaKMgKMPPHEE9bq5Bf+bGZi4xi47FJedN0x7UVABGpPQMJRe8YtKoFFcu3btzf77bdfdB/ckMS/0REdCCjiZoYNGDCgUavdILo78dJLL3VR7UVABDIgIOHIAHolRfJ2seeee5p4VxXXhz7O4bqbDjnkEKqzwzBv3rzo+Lvf/W6Tt++uR5XLcURVyxcBCYfH7cnDdc2aNYaPGQ0cOLDI0lLTdItO8DzBmxQmUjf2OwpXXnlldPikk06K4oqIgAhkQ0DCkQ33JpXq3ir4mFHyjSN04eBNim9tNPZFw5kzZxrE0wE799xzXVR7ERCBjAhIODIC35Rily1bZk/Dyd8uu+xi4lNy7XRWezTMDS7Vu3fv3qjx//nPf6JzrrnmGtO1a9corYgIiEA2BCQc2XBvUqnuS3fuexTx2UQhC8fLL79sXnnllQbjNqWgzJgxw2YzrnH22WfbuDYiIALZEpBwZMt/h6UvXLjQHt9nn33sPv5pVbp6bGaAG7eGo2fPnju0/o477jDTp0+353z2s5+1e21EwFMCdWWWhMPj5l68eLG1zo1v7L///jbNJuQ3DlevxgbGzz//fKpqZ1GdcsopNq6NCIhA9gQkHNm3QVkL+IgTLjncAHL8jYMxgrIXen4AP1WYiDt19qUC3XROYE4//fRSpyhPBEQgIwISjozAN1Ysn0blwRlfIDdkyBCDkHBtyG5HnJNG1qdQl1LhnnvusdnMvDrzzDNtXBsREAE/CEg4/GiHBlbgZoPV4fFf5W3atDHOBfnrr79unHfZBhd7nuFmi8XrljR5ypQpNgvRaN26tY1rIwIi4AcBCYcf7dDACted06dPn6JjrJwmY9OmTSbU7io3sN+rVy+qUjLcddddpn379mbkyJEljytTBEQgbQJvlyfheJuFVzG6qTAovnaD9Pve9z52NrjV1zYR0IZuto4dO5ZdkzF16lQrips3bzbHHXdcQDWTqSJQHwQkHJ62s1sZ7mZUOTOHDx/uooYB5CgRSISxG944mIpbKBRKWn3jjTfa/GOOOcbsvPPONq6NCIiAPwQkHP60RZElrhuKB2z8AOMCXbp0sVkhTsnFfQjdbKyGt5VIbPCae8stt9huqvPOOy9xNJdJVUoEgiMg4fC0yZyfquQDlgFy51F2zpw5nlpf3ixXr6QguivGjRtnNmzYYE4++WS7fsPlay8CIuAPAQmHP21RZMm8efNsutQiOTfu8eijj9pzQtq4GVWlPv963333mUmTJpnddtvNXHTRRaZQKN2VFVJ9ZasI5JFAboUj9MaiywbHhgwiJ+viZhq5GVbJ4z6nnbuRUoJ4wQUXWNM/97nPmaQbeXtAGxEQAS8ISDi8aIZiIxj05qt3OPYrPvJWivUdxOi2Yh9ScG8cyWnG06ZNMw888IBh/Gbs2LEhVUm2ikDdEZBweNjks2fPtlbFZ1DZjO0bPvBENMSFcW62mOtuox6EH/7wh+zMZZddZpyLFZuhTQ4IqAp5IyDh8LBF3aD3oEGDSlrHlFYOtGoVXvM54Yi/ccyaNcvw3Y3+/fubMWPGUDUFERABjwmE9+TxGGa1TJs7d6691dChQ+2+3AY/TuWO+ZqPcLRt29YwfuNsvO6662z0hBNOsAPjNqGNCIiAtwRaeWtZHRtGV1W3bt3Kdtls76IybqwjJFSsT6ErytVh7dq15uabbzZMAjjttNNCqopsFYG6JSDh8Kzpn3nmGbNu3TrDjKlCofR01He84x3War6iZyOBbHAhwqLFuFfcSy+91K7bYGFjua65QKonM0WgbghIODxratdNhXCUM423EY6xUI59KIFV49jq7GfK8U033WQQwmuvvZZDCiIQJoE6s1rC4VmDM1CMSYMHD2ZXMuy0004233nQtYkANriKx0y3avyqq64yuIc/6aST5AUXMAoiEAgBCYdnDfXggw9ai5xbEZtIbOjWIcu57yAeQnBvHKwMZxxn4sSJplOnTubCCy8MwXzZKAIisJ2AhGM7CF92CxYssKYkveLazO0b578K4WDcYHu29zs3JoNwuO+Jf/WrXzXl3668r5IMFIG6JCDh8KjZGThm1hFrHOLTVZMmMivJdVctXLgwedjbNPXDOMZxWCXevXt385WvfIUsBREQgYAISDg8aqz58+dbaxqbXVQoFKJPyLquLXuh5xv3xvGHP/zBMB2XgXEngJ6bLvNEoO4JxAFIOOI0Mo4//PDD1oL999/f7ne0ec973mMP41HWRgLY0LWGmVu2bDE4MjzyyCNJKoiACARGQMLhUYM5N+n77rtvo1a5T8jiqqPRkz04gbcpN+X2xBNPNMyo8sAsmSACItAMAhKOZkCr1SXOR9WQIUMaLeLwww83/fr1M3yb3A2oN3pRRifceuutZtSoUXbqLSZcf/319gt/xOs+CIAIBEhAwuFJo7GeMXbscAAAEABJREFUgQVxLIbD2V9jZnGeWyQ4derUxk7P5Diu4b/4xS+a0aNHW9HAXqbf7rzzzpnYo0JFQASqQ0DCUR2OLb7LQw89ZDZu3GinprZr165J9zv66KPteXfffbfd+7RhtheD/LxdMEPshhtuMEwxJu6TnbJFBESgcgI5FY7KQWR9xf/+9z9rwsEHH2z3TdkcddRR9jQGyH1az8FsKQb48YQ7YMAA+4GmU0891fqkYg2HNVobERCBYAlIODxpOtY2YMqhhx7Krkmhb9++BvcduPJ45JFHmnRNLU/Cd9ZFF11kzjrrLFvMeeedZ2bOnGl69+5t06zjUDeVRaGNCARNQMLhSfO5N46mDIzHTf7IRz5ik7x12EgGG8ZncB/CbLCf/OQnpmvXrtZV+o9+9CMTX6exadMmU+pb4xmYrCJTJKCi8kdAwuFBm+JKnRXjPHDp4qnEJMYROJ8xEvZpBhYfsh6DlezsWadBHe644w5z/PHHNzAFgYkLSYMTlCECIhAEAQmHB81Edw5mjBw5kl1F4b3vfa89f968eXZf682qVasM/qWY1UW3Gm8a69evN0OGDDF//etfDQJ44IEHljSDWVYa4yiJRpkiEBQBCYcHzTV9+nRrhVsNbhONbbYfZ4pr27ZtDYsHWZG9PbvqOxYafuITnzADBw4011xzTXT/XXfd1Vx22WXmH//4hznuuONMoVCIjiUjCAdf+kvmKy0CIhAWAQmHB+2Fi3HMGD58OLuKAj6fhg4datdJ0FVU0cWNnLx06VJzySWXmB49elhR+Nvf/mZ4u+AyZkv94Ac/ME899ZThK37vfOc7yS4bELVWrVrZe5U9SQdEQASCICDhyLiZXn75ZYOPKn6JH3bYYc2yBvHgwj//+c/smh2mTJlifvazn5kPf/jD9qt8iMPVV19t+C64uyndULfccothTAXPtk0ds3jjjTfM1q1bbXD30l4EckKg7qoh4ci4yVm8xxoMuqnocmqOOWPGjLGXXXzxxWby5Mk2Ht+sWLHCihOD2bfddpv5/ve/b7773e+aCy64wODzigF2xiyOOeYY87Wvfc1gU/z6QqFgGM/4y1/+Yu6//37z8Y9/3PD2ED+nsThTdXlb6datW2On6rgIiIDnBCQcGTfQtGnTrAXNGRi3F27bfOELXzB//OMft8WMYaHdFVdcYdPf+MY37DqPvn37WjfsPPxPOOEEOyYxbtw484tf/MKus8DVib04sUEcEBbOu/POOw1Tf8lLnNakJFNxObF9+/bsFERABAImIOHIuPH++9//Wguc+xCbaMaG73Z/61vfslciHJ/61KcM6yhWr15dUffQnnvuad8ofvvb35rHHnvM3HXXXebss882HTp0sPdu7oauKq5t06YNuyYFnSQCIuAnAQlHhu3Cam8829JFdcABB7TYEoSDkLxR/GG911572e4p3iSYVvvtb3/b0AXFrKlly5ZZb7uMYZx55pmGN5XkvZqbppuKa1nL8cILLxBVEAERCJSAhCPDhmMsgQFjHtCMMVTDFISD8QQCXVCsq+ChTZqwaNEi+xbBmwRjHd/85jdtF9QRRxxhGpsZ1RL7mIrL9aeccorZY489zI033khSoQoEEGPeXJnY8OlPf9r885//rMJddQsRiBMojks4inmkmnID2Ywd1KJgfET5Mhgdn5lFXelOY6/QdAI4jbz99tsN7Fipf+yxx5pevXoZPA5/4AMfsBMbsnQ90/Sa6MzQCUg4MmpB3gTcivFKPOJmZG6Li33llVeK7vH0008bt/Cx6EAdJ3B0yULK3//+91YExo4da0aMGGFntPFGii+w448/3goH3ZyFQsGOP/GGwdsrb5SPP/64fYOsY4yqegoEJBwpQC5VxKRJk6LsSv1TRRcGFGGQPmlunEHyWB7TdCfde++95vLLL7fToUeNGmXoIkQUCKzjYZIDHoaZOs3iSlzn80aKO5e///3v1jU9AsGbBVOr6Zr80Ic+ZA4//PA8IlOdPCUg4cioYXgQUDRfxMONB/E8Bx52yfqNHz8+mRV8moF/PB3jJfhLX/qS4Q2BlfcIA91JrJXhOG8GpD/4wQ8aup+YnICzSzgtX77cjkORx7RpxAF3LkxoCB6QKpALAhKODJqR1eIPPPCALZnZVIVCwcbzvGEAN1k/Fj0m83xNYz+OJHngs2e6Mj67GJA+7bTT7OdxGVNi4P9jH/uY+de//mXw4/X+97/fMEuNbjlEgS47JibQHYUgEBAP3jzkct7X1pddSQK5FI5kJX1L0ye9ceNGa1Y9vG1QUfxesY8HpiHH02nHGReYOnWqYREmK+kJ559/vmHQ+aMf/aihCxFvvl26dLED0PgSQ+jZ8+C/9dZb7dsCU5xHjx5tvQMjDmvWrDEsmPzOd75juB+iwFhF2vVTeSJQKwISjlqR3cF9+QXqDuOg0MXzvO/Tp0+D6rFWpEFmCzOY9svYCYyvvfZaw1cIca0ybNgwu36FLxDSbUTAJxcLLxkj4M0BAcHLMNOjEQemDk+cONHg3HH+/PnR+ALigODw5sC3R5jWfPLJJ5uDDjqohdbrchEIg4CEI+V2WrduXZEvKJwGpmxCJsXRxZMs+JOf/GQyq2yaBzczjnhQX3zxxfaXPGMIvAHwwEYICEw/RpBOP/10e87NN99suJZuI8YI8MVFFxPjB4w1IAIExiYQAsIvf/lLQxcSgbEF3hj222+/srbpwI4I6FgeCUg4Um5Vfqm++eabUamDBw+O4vUU6devn2HmEGMBV155pbnqqqvsNFO6iI488khDvz+igBgQDjnkEMOMI47/+Mc/NrxVsOqegWfeJnjI4+YdQaALCjEg8OEpxIBAVxTn4UIFMeCtop6Yq64iUC0CEo5qkWzifej7dqf27NnTdO7c2SVzsefXPV1Ev/rVrwyL1HC6iANHxgTiFWSqKU4X8bSL2xO+6YHrEwahcZHClw35cBQP+gkTJhgEgfDSSy/ZLiMWwyEGhN/85jf2DQE37wiCpqbGSSsuAtUnIOGoPtOyd8S9CFMv3Qn9+/d30Ur3mZ3Pr/wZM2YYvv3BA59xAmZHsXrZvRkwIMyvexY5MouIcQScJ8aNpstozpw5VgR4MyDwBoIQIK6sdUA0CGeccYZd74AoMH05fh/FRUAE0icg4UiR+ZIlSwxz9V2RzNpx8az3rFrmlzvu2XHHfu655xrGEPjlT6BLCGEYMmSI7UZiCipdTLwB8Nb05S9/2U475a2A7iG+AcLsMRap8WnZpDt1xiDqtZsu67ZW+SLQUgKZCgdTNN0vTB4wBBbG/elPfzIu3HDDDXZWS0sr6sP11DVuB/388XS14vzSZ6ooK43pNkIEcF9x4oknGtYa7LPPPqZPnz72K3+IAYFVy5zn3LEjItddd52hS4iHPgvZ+PWPc0LEYeHChfZtAbcpDFgz9ZRuJ94KGIhO1oXzXR4D2Hwr3aW1F4GgCdSh8c0Wjtdee83wkGEqIgHHa/RT4y6BrgoGIBnMZP46XTKsV+Bhxa9THlSEAQMG2DnzuFTgA0MEpkAy28aFz3/+84a+bs5vauDBxAOSmTCUz5RMHorYw8Pz5z//ubnpppvs1/L4VcxMpzTanoHxeDn4HoqnmxJ/6KGHDPf53ve+Z91WwH3UqFGWo+ND3VlXwBRR2gIRYJyAuiIqLFKjTZhlxC9/BIGAyCAKU6ZMsaJA95Hzpnv99dfbcYQxY8bYbiPasin2unM6duzoogYPrlFCEREQgeAINFs4mEZKtwbdEAQeYMyMwdUCD6Df/e53humT9GPTPUM3Dd0X8RlFtaLFXH4ekAzAUv6vf/1rw8MTe3h4Xnjhheass86yX8tDSOh/p+/cPXgRGx7GDOrSf48TQh7CX//61w2/3Bn0RTQRNx6kCB7H+cVNHCFk9TB70ggED2vepuJ15qHOjCB+7dMdRJnMKMI/Ea4puAd7ZhTxKx77sIUxA8YAcEcBd9Ye8JDn1z7ijQgQ/v3vf9tBZT73ynEXpk2bZl1a8AbEGx3nEmDCPbAlbmc14tTB3eczn/mMi2ovAiIQIIFmC0ehUAiwuqVN5o2jUHi7PogNzuhmz55tcA3Cr3y6fX76058afrmzKAzRpDuNmUB0sXGcqaXEGdzloc2e9OLFiw3rBLZs2VJkAL/mH374YcP4wqxZs+x6Az7NyiA6n1p139Ggqwix4OHOuAJvBQSEGDHg3ogAeYg45xEQIYTAh0WG/JjgRwVdW7ztFIEomVCmCIiArwSaLRzMDuLXOr/CeUiVC5dcconBXw/dIgQWazkYrVu3dtGq7PkQEWW4wEMzaR9284B1gYFcHr50vbF3AU+m7hy3Rwz4hV+uri4fP0buGrfng0nxSjLI7MpyewaaEYB4oNsIWxAp7s8qaOpFwB1G/J4+xxELugvj7e+zvbJNBESgPIFmCwfjEzzMmHbJA61cuPzyyw2Dp+5hyC9O96Bkzr6LV2PPp09dOex5aCftY2EZD10X6AIqhYc1Bu4ct+cXPGM45erq8lm57K5xexwbxsvZe++940nFRUAERMBbAknDmi0cyRspvWMCdEfFz2CyQDytuAiIgAiEQkDCkUJL4QmXxW3xopjxFU8rLgIiIAKhEJBwpNBSzO6iWy5elN444jTqNK5qi0CgBCQcKTQcs7SSxbAIL5mntAiIgAiEQEDCkUIrJbupWDy30047pVCyihABERCB6hPIoXBUH1JL75gUDk1JbSlRXS8CIpAlAQlHjelv3rzZPPLII0Wl+OTcsMgwJURABESgCQQkHE2A1JJTli5daljYF78Hi//iacVFIK8EVK98EpBw1LhdcSmSLAL/VMk8pUVABEQgFAISjhq3FP6u4kXwwaPdd989nqW4CIiACARFQMJR4+bCM228iKp81jR+Q8VFQAREIGUCEo4aAsfLbdLViAbGawhctxYBEUiFgISjhphxm47X3XgRfHsjnlZcBEQgaAJ1abyEo4bNnhzfoCg+gMVeQQREQARCJSDhqGHL8YnX+O1ZMc6XAON5iouACIhAaAQkHDVsMT7CFL89n6iNpxUvT0BHREAE/CUg4ahh27BqPH57puLG04qLgAiIQIgEJBw1bLXkDKqjjz66hqXp1iIgAiJQCwIN7ynhaMikajmDBg0quteIESOK0kqIgAiIQIgEJBw1bLUOHTpEd2/durXp169flFZEBERABEIlIOGoYcshFu72fLhJ3+BwNLQ3xgiCCARLQMJRw6aLD47LI24NQevWIiACqRKQcNQQd6FQiO6ubqoIhSIiIAKBE8idcPjaHj169PDVNNklAiIgAhURkHBUhKuykzt16hRdEB/viDIVEQEREIEACUg4athoXbt2je6+YsWKKK6ICNQHAdUyrwQkHDVs2d69e0d3X716dRRXRAREQARCJiDhqGHrxYXj9ttvr2FJurUIiIAIpEdAwlFD1njDdbd/7rnnXLSle10vAiIgApkSkHDUEM+iTdwAAAGYSURBVH+bNm3MGWecYbp162auvvrqGpakW4uACIhAegQkHDVmPWHCBLNy5Upzzjnn1Lgk3V4ERCB1AnVaoISjThte1RYBERCB5hKQcDSXnK4TAREQgTolIOGo04b3u9qyTgREwGcCEg6fW0e2iYAIiICHBCQcHjaKTBIBERABXwiUskPCUYqK8kRABERABMoSkHCURaMDIiACIiACpQhIOEpRUZ4I1JqA7i8CAROQcATceDJdBERABLIgIOHIgrrKFAEREIGACeRMOAJuCZkuAiIgAoEQkHAE0lAyUwREQAR8ISDh8KUlZIcI5IyAqpNfAhKO/LataiYCIiACNSEg4agJVt1UBERABPJLQMIRWtvKXhEQARHImICEI+MGUPEiIAIiEBoBCUdoLSZ7RUAEfCFQt3ZIOOq26VVxERABEWgeAQlH87jpKhEQARGoWwISjrpten8rLstEQAT8JiDh8Lt9ZJ0IiIAIeEdAwuFdk8ggERABEfCFQGk7JByluShXBERABESgDAEJRxkwyhYBERABEShN4P8AAAD//yITGDUAAAAGSURBVAMAZ82H997/yPQAAAAASUVORK5CYII=', '2026-05-24 08:55:30', '2026-05-24 08:55:30');

-- --------------------------------------------------------

--
-- Table structure for table `absen_rapats`
--

CREATE TABLE `absen_rapats` (
  `id` bigint(20) UNSIGNED NOT NULL,
  `nama_kegiatan` varchar(255) NOT NULL,
  `tanggal` date NOT NULL,
  `pukul` time NOT NULL,
  `created_at` timestamp NULL DEFAULT NULL,
  `updated_at` timestamp NULL DEFAULT NULL
) ENGINE=InnoDB DEFAULT CHARSET=utf8mb4 COLLATE=utf8mb4_general_ci;

--
-- Dumping data for table `absen_rapats`
--

INSERT INTO `absen_rapats` (`id`, `nama_kegiatan`, `tanggal`, `pukul`, `created_at`, `updated_at`) VALUES
(1, 'Jadwal', '2026-05-24', '14:55:00', '2026-05-24 00:55:46', '2026-05-24 00:55:46');

-- --------------------------------------------------------

--
-- Table structure for table `agamas`
--

CREATE TABLE `agamas` (
  `id` bigint(20) UNSIGNED NOT NULL,
  `nama` varchar(191) NOT NULL,
  `created_at` timestamp NULL DEFAULT NULL,
  `updated_at` timestamp NULL DEFAULT NULL
) ENGINE=InnoDB DEFAULT CHARSET=utf8mb4 COLLATE=utf8mb4_unicode_ci;

--
-- Dumping data for table `agamas`
--

INSERT INTO `agamas` (`id`, `nama`, `created_at`, `updated_at`) VALUES
(1, 'Islam', '2026-05-21 08:05:42', '2026-05-21 08:05:42'),
(2, 'Kristen Protestan', '2026-05-21 08:05:42', '2026-05-21 08:05:42'),
(3, 'Katolik', '2026-05-21 08:05:42', '2026-05-21 08:05:42'),
(4, 'Hindu', '2026-05-21 08:05:42', '2026-05-21 08:05:42'),
(5, 'Buddha', '2026-05-21 08:05:42', '2026-05-21 08:05:42'),
(6, 'Konghucu', '2026-05-21 08:05:42', '2026-05-21 08:05:42');

-- --------------------------------------------------------

--
-- Table structure for table `anggotas`
--

CREATE TABLE `anggotas` (
  `id` bigint(20) UNSIGNED NOT NULL,
  `no_anggota` varchar(191) NOT NULL,
  `nama` varchar(100) NOT NULL,
  `no_identitas` varchar(25) NOT NULL,
  `tempat_lahir` varchar(50) NOT NULL,
  `tgl_lahir` date NOT NULL,
  `alamat` text NOT NULL,
  `jenis_kelamin` enum('laki-laki','perempuan') NOT NULL,
  `no_telp` varchar(17) NOT NULL,
  `agama_id` bigint(20) UNSIGNED NOT NULL,
  `pekerjaan` varchar(255) NOT NULL,
  `tgl_masuk` date NOT NULL,
  `simpanan_pokok` int(11) NOT NULL,
  `simpanan_wajib` int(11) NOT NULL,
  `status` int(11) NOT NULL DEFAULT 1,
  `created_at` timestamp NULL DEFAULT NULL,
  `updated_at` timestamp NULL DEFAULT NULL
) ENGINE=InnoDB DEFAULT CHARSET=utf8mb4 COLLATE=utf8mb4_unicode_ci;

-- --------------------------------------------------------

--
-- Table structure for table `cache`
--

CREATE TABLE `cache` (
  `key` varchar(191) NOT NULL,
  `value` mediumtext NOT NULL,
  `expiration` int(11) NOT NULL
) ENGINE=InnoDB DEFAULT CHARSET=utf8mb4 COLLATE=utf8mb4_unicode_ci;

-- --------------------------------------------------------

--
-- Table structure for table `cache_locks`
--

CREATE TABLE `cache_locks` (
  `key` varchar(191) NOT NULL,
  `owner` varchar(191) NOT NULL,
  `expiration` int(11) NOT NULL
) ENGINE=InnoDB DEFAULT CHARSET=utf8mb4 COLLATE=utf8mb4_unicode_ci;

-- --------------------------------------------------------

--
-- Table structure for table `dana_dkk`
--

CREATE TABLE `dana_dkk` (
  `id_dana_dkk` int(10) UNSIGNED NOT NULL,
  `id_anggota` bigint(20) UNSIGNED NOT NULL,
  `nominal` int(11) NOT NULL,
  `sakit` text NOT NULL,
  `keterangan` text NOT NULL,
  `file_berkas` text NOT NULL,
  `tgl_sakit` date NOT NULL,
  `tanggal_create` datetime NOT NULL,
  `lama_sakit` int(11) NOT NULL
) ENGINE=InnoDB DEFAULT CHARSET=utf8mb4 COLLATE=utf8mb4_unicode_ci;

-- --------------------------------------------------------

--
-- Table structure for table `dinas`
--

CREATE TABLE `dinas` (
  `id` bigint(20) UNSIGNED NOT NULL,
  `nama_dinas` varchar(191) NOT NULL,
  `created_at` timestamp NULL DEFAULT NULL,
  `updated_at` timestamp NULL DEFAULT NULL
) ENGINE=InnoDB DEFAULT CHARSET=utf8mb4 COLLATE=utf8mb4_unicode_ci;

-- --------------------------------------------------------

--
-- Table structure for table `failed_jobs`
--

CREATE TABLE `failed_jobs` (
  `id` bigint(20) UNSIGNED NOT NULL,
  `uuid` varchar(191) NOT NULL,
  `connection` text NOT NULL,
  `queue` text NOT NULL,
  `payload` longtext NOT NULL,
  `exception` longtext NOT NULL,
  `failed_at` timestamp NOT NULL DEFAULT current_timestamp()
) ENGINE=InnoDB DEFAULT CHARSET=utf8mb4 COLLATE=utf8mb4_unicode_ci;

-- --------------------------------------------------------

--
-- Table structure for table `jobs`
--

CREATE TABLE `jobs` (
  `id` bigint(20) UNSIGNED NOT NULL,
  `queue` varchar(191) NOT NULL,
  `payload` longtext NOT NULL,
  `attempts` tinyint(3) UNSIGNED NOT NULL,
  `reserved_at` int(10) UNSIGNED DEFAULT NULL,
  `available_at` int(10) UNSIGNED NOT NULL,
  `created_at` int(10) UNSIGNED NOT NULL
) ENGINE=InnoDB DEFAULT CHARSET=utf8mb4 COLLATE=utf8mb4_unicode_ci;

-- --------------------------------------------------------

--
-- Table structure for table `job_batches`
--

CREATE TABLE `job_batches` (
  `id` varchar(191) NOT NULL,
  `name` varchar(191) NOT NULL,
  `total_jobs` int(11) NOT NULL,
  `pending_jobs` int(11) NOT NULL,
  `failed_jobs` int(11) NOT NULL,
  `failed_job_ids` longtext NOT NULL,
  `options` mediumtext DEFAULT NULL,
  `cancelled_at` int(11) DEFAULT NULL,
  `created_at` int(11) NOT NULL,
  `finished_at` int(11) DEFAULT NULL
) ENGINE=InnoDB DEFAULT CHARSET=utf8mb4 COLLATE=utf8mb4_unicode_ci;

-- --------------------------------------------------------

--
-- Table structure for table `menus`
--

CREATE TABLE `menus` (
  `id` bigint(20) UNSIGNED NOT NULL,
  `name` varchar(191) NOT NULL,
  `route` varchar(191) DEFAULT NULL,
  `icon` varchar(191) DEFAULT NULL,
  `permission_name` varchar(191) DEFAULT NULL,
  `parent_id` bigint(20) UNSIGNED DEFAULT NULL,
  `order` int(11) NOT NULL DEFAULT 0,
  `created_at` timestamp NULL DEFAULT NULL,
  `updated_at` timestamp NULL DEFAULT NULL
) ENGINE=InnoDB DEFAULT CHARSET=utf8mb4 COLLATE=utf8mb4_unicode_ci;

--
-- Dumping data for table `menus`
--

INSERT INTO `menus` (`id`, `name`, `route`, `icon`, `permission_name`, `parent_id`, `order`, `created_at`, `updated_at`) VALUES
(1, 'Dashboard', 'dashboard', 'home', NULL, NULL, 1, '2026-05-21 08:05:42', '2026-05-21 08:05:42'),
(2, 'Master Data', NULL, 'database', 'view_users', NULL, 2, '2026-05-21 08:05:42', '2026-05-21 08:05:42'),
(3, 'Users', 'users.index', 'users', 'view_users', 2, 1, '2026-05-21 08:05:42', '2026-05-21 08:05:42'),
(4, 'Anggota', 'anggotas.index', 'users', 'view_anggotas', 2, 2, '2026-05-21 08:05:42', '2026-05-21 08:05:42'),
(5, 'Dana DKK', 'dana-dkks.index', 'document-text', 'view_dana_dkks', 2, 3, '2026-05-21 08:05:42', '2026-05-21 08:05:42'),
(6, 'Pinjaman', 'pinjaman.index', 'cash', 'view_pinjaman', 2, 4, '2026-05-21 08:05:42', '2026-05-21 08:05:42'),
(7, 'Pembayaran Pinjaman', 'pinjaman-bayar.index', 'credit-card', 'view_pinjaman_bayar', 2, 5, '2026-05-21 08:05:42', '2026-05-21 08:05:42'),
(8, 'Permissions', 'permissions.index', 'shield', 'manage_user_permissions', 2, 6, '2026-05-21 08:05:42', '2026-05-21 08:05:42'),
(9, 'Profile', 'profile.edit', NULL, NULL, 2, 7, '2026-05-21 08:05:42', '2026-05-21 08:05:42');

-- --------------------------------------------------------

--
-- Table structure for table `migrations`
--

CREATE TABLE `migrations` (
  `id` int(10) UNSIGNED NOT NULL,
  `migration` varchar(191) NOT NULL,
  `batch` int(11) NOT NULL
) ENGINE=InnoDB DEFAULT CHARSET=utf8mb4 COLLATE=utf8mb4_unicode_ci;

--
-- Dumping data for table `migrations`
--

INSERT INTO `migrations` (`id`, `migration`, `batch`) VALUES
(1, '0001_01_01_000000_create_users_table', 1),
(2, '0001_01_01_000001_create_cache_table', 1),
(3, '0001_01_01_000002_create_jobs_table', 1),
(4, '2024_01_01_000000_create_menus_table', 1),
(5, '2026_05_09_151541_create_permission_tables', 1),
(6, '2026_05_10_000000_add_permission_name_to_menus_table', 1),
(7, '2026_05_10_133646_create_agamas_table', 1),
(8, '2026_05_10_133840_create_anggotas_table', 1),
(9, '2026_05_10_145000_create_dana_dkks_table', 1),
(10, '2026_05_10_151000_create_pinjaman_table', 1),
(11, '2026_05_10_151030_create_pinjaman_bayar_table', 1),
(12, '2026_05_21_124627_create_absen_rapats_table', 1),
(13, '2026_05_21_133626_create_dinas_table', 1),
(14, '2026_05_24_134243_add_status_to_transaksi_headers_table', 2),
(15, '2026_05_24_144338_add_pembayaran_to_transaksi_headers_table', 3);

-- --------------------------------------------------------

--
-- Table structure for table `model_has_permissions`
--

CREATE TABLE `model_has_permissions` (
  `permission_id` bigint(20) UNSIGNED NOT NULL,
  `model_type` varchar(191) NOT NULL,
  `model_id` bigint(20) UNSIGNED NOT NULL
) ENGINE=InnoDB DEFAULT CHARSET=utf8mb4 COLLATE=utf8mb4_unicode_ci;

--
-- Dumping data for table `model_has_permissions`
--

INSERT INTO `model_has_permissions` (`permission_id`, `model_type`, `model_id`) VALUES
(1, 'App\\Models\\User', 1),
(1, 'App\\Models\\User', 2),
(2, 'App\\Models\\User', 1),
(2, 'App\\Models\\User', 2),
(3, 'App\\Models\\User', 1),
(3, 'App\\Models\\User', 2),
(4, 'App\\Models\\User', 1),
(4, 'App\\Models\\User', 2),
(5, 'App\\Models\\User', 1),
(5, 'App\\Models\\User', 2),
(6, 'App\\Models\\User', 1),
(6, 'App\\Models\\User', 2),
(7, 'App\\Models\\User', 1),
(7, 'App\\Models\\User', 2),
(8, 'App\\Models\\User', 1),
(8, 'App\\Models\\User', 2),
(9, 'App\\Models\\User', 1),
(9, 'App\\Models\\User', 2),
(10, 'App\\Models\\User', 1),
(10, 'App\\Models\\User', 2),
(11, 'App\\Models\\User', 1),
(11, 'App\\Models\\User', 2),
(12, 'App\\Models\\User', 1),
(12, 'App\\Models\\User', 2),
(13, 'App\\Models\\User', 1),
(13, 'App\\Models\\User', 2),
(14, 'App\\Models\\User', 1),
(14, 'App\\Models\\User', 2),
(15, 'App\\Models\\User', 1),
(15, 'App\\Models\\User', 2),
(16, 'App\\Models\\User', 1),
(16, 'App\\Models\\User', 2),
(17, 'App\\Models\\User', 1),
(17, 'App\\Models\\User', 2),
(18, 'App\\Models\\User', 1),
(18, 'App\\Models\\User', 2),
(19, 'App\\Models\\User', 1),
(19, 'App\\Models\\User', 2),
(20, 'App\\Models\\User', 1),
(20, 'App\\Models\\User', 2),
(21, 'App\\Models\\User', 1),
(22, 'App\\Models\\User', 1),
(23, 'App\\Models\\User', 1),
(24, 'App\\Models\\User', 1),
(25, 'App\\Models\\User', 1),
(26, 'App\\Models\\User', 1),
(27, 'App\\Models\\User', 1);

-- --------------------------------------------------------

--
-- Table structure for table `model_has_roles`
--

CREATE TABLE `model_has_roles` (
  `role_id` bigint(20) UNSIGNED NOT NULL,
  `model_type` varchar(191) NOT NULL,
  `model_id` bigint(20) UNSIGNED NOT NULL
) ENGINE=InnoDB DEFAULT CHARSET=utf8mb4 COLLATE=utf8mb4_unicode_ci;

-- --------------------------------------------------------

--
-- Table structure for table `password_reset_tokens`
--

CREATE TABLE `password_reset_tokens` (
  `email` varchar(191) NOT NULL,
  `token` varchar(191) NOT NULL,
  `created_at` timestamp NULL DEFAULT NULL
) ENGINE=InnoDB DEFAULT CHARSET=utf8mb4 COLLATE=utf8mb4_unicode_ci;

-- --------------------------------------------------------

--
-- Table structure for table `permissions`
--

CREATE TABLE `permissions` (
  `id` bigint(20) UNSIGNED NOT NULL,
  `name` varchar(191) NOT NULL,
  `guard_name` varchar(191) NOT NULL,
  `created_at` timestamp NULL DEFAULT NULL,
  `updated_at` timestamp NULL DEFAULT NULL
) ENGINE=InnoDB DEFAULT CHARSET=utf8mb4 COLLATE=utf8mb4_unicode_ci;

--
-- Dumping data for table `permissions`
--

INSERT INTO `permissions` (`id`, `name`, `guard_name`, `created_at`, `updated_at`) VALUES
(1, 'view_users', 'web', '2026-05-21 08:05:42', '2026-05-21 08:05:42'),
(2, 'create_users', 'web', '2026-05-21 08:05:42', '2026-05-21 08:05:42'),
(3, 'edit_users', 'web', '2026-05-21 08:05:42', '2026-05-21 08:05:42'),
(4, 'delete_users', 'web', '2026-05-21 08:05:42', '2026-05-21 08:05:42'),
(5, 'manage_user_permissions', 'web', '2026-05-21 08:05:42', '2026-05-21 08:05:42'),
(6, 'view_menus', 'web', '2026-05-21 08:05:42', '2026-05-21 08:05:42'),
(7, 'create_menus', 'web', '2026-05-21 08:05:42', '2026-05-21 08:05:42'),
(8, 'edit_menus', 'web', '2026-05-21 08:05:42', '2026-05-21 08:05:42'),
(9, 'delete_menus', 'web', '2026-05-21 08:05:42', '2026-05-21 08:05:42'),
(10, 'reorder_menus', 'web', '2026-05-21 08:05:42', '2026-05-21 08:05:42'),
(11, 'view_anggotas', 'web', '2026-05-21 08:05:42', '2026-05-21 08:05:42'),
(12, 'create_anggotas', 'web', '2026-05-21 08:05:42', '2026-05-21 08:05:42'),
(13, 'edit_anggotas', 'web', '2026-05-21 08:05:42', '2026-05-21 08:05:42'),
(14, 'delete_anggotas', 'web', '2026-05-21 08:05:42', '2026-05-21 08:05:42'),
(15, 'view_dana_dkks', 'web', '2026-05-21 08:05:42', '2026-05-21 08:05:42'),
(16, 'create_dana_dkks', 'web', '2026-05-21 08:05:42', '2026-05-21 08:05:42'),
(17, 'view_pinjaman', 'web', '2026-05-21 08:05:42', '2026-05-21 08:05:42'),
(18, 'create_pinjaman', 'web', '2026-05-21 08:05:42', '2026-05-21 08:05:42'),
(19, 'view_pinjaman_bayar', 'web', '2026-05-21 08:05:42', '2026-05-21 08:05:42'),
(20, 'create_pinjaman_bayar', 'web', '2026-05-21 08:05:42', '2026-05-21 08:05:42'),
(21, 'view_produks', 'web', '2026-05-24 01:51:50', '2026-05-24 01:51:50'),
(22, 'create_produks', 'web', '2026-05-24 01:51:50', '2026-05-24 01:51:50'),
(23, 'edit_produks', 'web', '2026-05-24 01:51:50', '2026-05-24 01:51:50'),
(24, 'delete_produks', 'web', '2026-05-24 01:51:50', '2026-05-24 01:51:50'),
(25, 'view_kasir', 'web', '2026-05-24 02:07:36', '2026-05-24 02:07:36'),
(26, 'create_kasir', 'web', '2026-05-24 02:07:36', '2026-05-24 02:07:36'),
(27, 'delete_kasir', 'web', '2026-05-24 02:07:36', '2026-05-24 02:07:36');

-- --------------------------------------------------------

--
-- Table structure for table `pinjaman`
--

CREATE TABLE `pinjaman` (
  `id_pinjaman` int(10) UNSIGNED NOT NULL,
  `id_anggota` bigint(20) UNSIGNED NOT NULL,
  `jumlah_pinjaman` int(11) DEFAULT NULL,
  `jasa` int(11) NOT NULL,
  `jumlah_angsuran` int(11) NOT NULL,
  `jangka_waktu` date NOT NULL,
  `nama` varchar(191) NOT NULL,
  `tgl_pinjaman` date NOT NULL,
  `tanggal_create` datetime NOT NULL,
  `username` varchar(25) NOT NULL,
  `id_jenis_pinjaman` int(11) NOT NULL,
  `kategori` int(11) NOT NULL
) ENGINE=InnoDB DEFAULT CHARSET=utf8mb4 COLLATE=utf8mb4_unicode_ci;

-- --------------------------------------------------------

--
-- Table structure for table `pinjaman_bayar`
--

CREATE TABLE `pinjaman_bayar` (
  `id_pinjaman_bayar` int(10) UNSIGNED NOT NULL,
  `id_anggota` bigint(20) UNSIGNED NOT NULL,
  `id_pinjaman` int(10) UNSIGNED NOT NULL,
  `bayar` int(11) NOT NULL,
  `bunga` int(11) NOT NULL,
  `denda` int(11) NOT NULL,
  `tanggal_bayar` date NOT NULL,
  `username` varchar(25) NOT NULL,
  `tanggal_create` datetime NOT NULL
) ENGINE=InnoDB DEFAULT CHARSET=utf8mb4 COLLATE=utf8mb4_unicode_ci;

-- --------------------------------------------------------

--
-- Table structure for table `produks`
--

CREATE TABLE `produks` (
  `id` bigint(20) UNSIGNED NOT NULL,
  `kode_barang` varchar(255) NOT NULL COMMENT 'Kode unik SKU barang',
  `nama_barang` varchar(255) NOT NULL,
  `kategori` varchar(255) DEFAULT NULL,
  `harga_beli` decimal(15,2) NOT NULL DEFAULT 0.00,
  `harga_jual` decimal(15,2) NOT NULL DEFAULT 0.00,
  `stok` int(11) NOT NULL DEFAULT 0,
  `satuan` varchar(255) NOT NULL DEFAULT 'Pcs' COMMENT 'Misal: Pcs, Kg, Box',
  `deskripsi` text DEFAULT NULL,
  `gambar` varchar(255) DEFAULT NULL COMMENT 'Lokasi path gambar produk',
  `created_at` timestamp NULL DEFAULT NULL,
  `updated_at` timestamp NULL DEFAULT NULL
) ENGINE=InnoDB DEFAULT CHARSET=utf8mb4 COLLATE=utf8mb4_unicode_ci;

--
-- Dumping data for table `produks`
--

INSERT INTO `produks` (`id`, `kode_barang`, `nama_barang`, `kategori`, `harga_beli`, `harga_jual`, `stok`, `satuan`, `deskripsi`, `gambar`, `created_at`, `updated_at`) VALUES
(1, 'rwer', 'wre', 'we', 2500.00, 5000.00, 35, 'Pcs', 'eertrt', 'produk/qkVPaTQhTxgTV4bQBFQf0kpTff9063j3HGy6ySMw.jpg', '2026-05-24 02:02:56', '2026-05-24 08:11:34'),
(2, 'UJI', 'UJI COBA 2', 'PCS', 8000.00, 9000.00, 47, 'Pcs', 'DESKRIPSI UJI VOBA', 'produk/qpyTmJYK4R6cLeMCePvCTA9rDw9aM50gGNRWTnVI.jpg', '2026-05-24 05:34:19', '2026-05-24 15:52:34'),
(3, 'UJI COBA 3', 'UJI COBA 3', 'UJI COBA 3', 10000.00, 12000.00, 93, 'Pcs', 'UJI COBA 3', 'produk/6zunlLDnZQHMb2Km3rxJRUSq8BHpv4KzFOP7PDGU.jpg', '2026-05-24 05:34:48', '2026-05-24 08:44:04'),
(4, 'UJI COBA 4', 'UJI COBA 4', 'UJI COBA 4', 10000.00, 12000.00, 33, 'Pcs', 'UJI COBA 4', 'produk/iK1Io6DwJY0CuW1BJkC31YgFYdj8NJ0tXltBNVRQ.jpg', '2026-05-24 08:30:05', '2026-05-24 15:52:34');

-- --------------------------------------------------------

--
-- Table structure for table `roles`
--

CREATE TABLE `roles` (
  `id` bigint(20) UNSIGNED NOT NULL,
  `name` varchar(191) NOT NULL,
  `guard_name` varchar(191) NOT NULL,
  `created_at` timestamp NULL DEFAULT NULL,
  `updated_at` timestamp NULL DEFAULT NULL
) ENGINE=InnoDB DEFAULT CHARSET=utf8mb4 COLLATE=utf8mb4_unicode_ci;

-- --------------------------------------------------------

--
-- Table structure for table `role_has_permissions`
--

CREATE TABLE `role_has_permissions` (
  `permission_id` bigint(20) UNSIGNED NOT NULL,
  `role_id` bigint(20) UNSIGNED NOT NULL
) ENGINE=InnoDB DEFAULT CHARSET=utf8mb4 COLLATE=utf8mb4_unicode_ci;

-- --------------------------------------------------------

--
-- Table structure for table `sessions`
--

CREATE TABLE `sessions` (
  `id` varchar(191) NOT NULL,
  `user_id` bigint(20) UNSIGNED DEFAULT NULL,
  `ip_address` varchar(45) DEFAULT NULL,
  `user_agent` text DEFAULT NULL,
  `payload` longtext NOT NULL,
  `last_activity` int(11) NOT NULL
) ENGINE=InnoDB DEFAULT CHARSET=utf8mb4 COLLATE=utf8mb4_unicode_ci;

-- --------------------------------------------------------

--
-- Table structure for table `transaksi_details`
--

CREATE TABLE `transaksi_details` (
  `id` bigint(20) UNSIGNED NOT NULL,
  `transaksi_header_id` bigint(20) UNSIGNED NOT NULL COMMENT 'Relasi ke tabel transaksi_headers',
  `produk_id` bigint(20) UNSIGNED NOT NULL COMMENT 'Relasi ke tabel produks',
  `jumlah` int(11) NOT NULL DEFAULT 1 COMMENT 'Qty barang yang diambil',
  `harga_satuan` decimal(15,2) NOT NULL DEFAULT 0.00 COMMENT 'Harga barang saat transaksi terjadi',
  `subtotal` decimal(15,2) NOT NULL DEFAULT 0.00 COMMENT 'jumlah x harga_satuan',
  `created_at` timestamp NULL DEFAULT NULL,
  `updated_at` timestamp NULL DEFAULT NULL
) ENGINE=InnoDB DEFAULT CHARSET=utf8mb4 COLLATE=utf8mb4_unicode_ci;

--
-- Dumping data for table `transaksi_details`
--

INSERT INTO `transaksi_details` (`id`, `transaksi_header_id`, `produk_id`, `jumlah`, `harga_satuan`, `subtotal`, `created_at`, `updated_at`) VALUES
(1, 1, 3, 2, 12000.00, 24000.00, '2026-05-24 06:41:06', '2026-05-24 06:41:06'),
(2, 2, 3, 1, 12000.00, 12000.00, '2026-05-24 07:07:05', '2026-05-24 07:07:05'),
(3, 3, 2, 1, 9000.00, 9000.00, '2026-05-24 07:08:00', '2026-05-24 07:08:00'),
(4, 3, 1, 2, 5000.00, 10000.00, '2026-05-24 07:08:01', '2026-05-24 07:08:01'),
(5, 3, 3, 3, 12000.00, 36000.00, '2026-05-24 07:08:01', '2026-05-24 07:08:01'),
(6, 4, 1, 3, 5000.00, 15000.00, '2026-05-24 07:08:53', '2026-05-24 07:08:53'),
(7, 4, 2, 2, 9000.00, 18000.00, '2026-05-24 07:08:53', '2026-05-24 07:08:53'),
(8, 4, 3, 2, 12000.00, 24000.00, '2026-05-24 07:08:53', '2026-05-24 07:08:53'),
(9, 5, 1, 1, 5000.00, 5000.00, '2026-05-24 07:43:51', '2026-05-24 07:43:51'),
(12, 7, 3, 1, 12000.00, 12000.00, '2026-05-24 08:44:04', '2026-05-24 08:44:04');

-- --------------------------------------------------------

--
-- Table structure for table `transaksi_headers`
--

CREATE TABLE `transaksi_headers` (
  `id` bigint(20) UNSIGNED NOT NULL,
  `no_transaksi` varchar(255) DEFAULT NULL COMMENT 'Nomor unik transaksi, misal: TRX-20231001-001',
  `id_absen_rapats` bigint(20) UNSIGNED NOT NULL COMMENT 'Relasi ke tabel absen_rapats',
  `nip` varchar(191) DEFAULT NULL COMMENT 'NIP pegawai jika internal',
  `nama` varchar(255) NOT NULL COMMENT 'Nama peserta',
  `nomor_meja` varchar(50) DEFAULT NULL COMMENT 'Nomor atau nama meja peserta',
  `tanggal_transaksi` datetime NOT NULL,
  `total_item` int(11) NOT NULL DEFAULT 0 COMMENT 'Total jumlah barang yang diambil',
  `total_harga` decimal(15,2) NOT NULL DEFAULT 0.00 COMMENT 'Grand total harga',
  `keterangan` text DEFAULT NULL,
  `status` enum('pending','diproses','selesai','batal') NOT NULL DEFAULT 'pending' COMMENT 'Status pesanan',
  `metode_pembayaran` enum('cash','qris') NOT NULL DEFAULT 'cash' COMMENT 'Metode pembayaran',
  `jumlah_bayar` decimal(15,2) NOT NULL DEFAULT 0.00 COMMENT 'Jumlah uang yang dibayarkan',
  `kembalian` decimal(15,2) NOT NULL DEFAULT 0.00 COMMENT 'Uang kembalian',
  `created_at` timestamp NULL DEFAULT NULL,
  `updated_at` timestamp NULL DEFAULT NULL
) ENGINE=InnoDB DEFAULT CHARSET=utf8mb4 COLLATE=utf8mb4_unicode_ci;

--
-- Dumping data for table `transaksi_headers`
--

INSERT INTO `transaksi_headers` (`id`, `no_transaksi`, `id_absen_rapats`, `nip`, `nama`, `nomor_meja`, `tanggal_transaksi`, `total_item`, `total_harga`, `keterangan`, `status`, `metode_pembayaran`, `jumlah_bayar`, `kembalian`, `created_at`, `updated_at`) VALUES
(1, 'TRX-20260524-THF0PL', 1, '454554', 'tret', NULL, '2026-05-24 13:41:06', 2, 24000.00, NULL, 'selesai', 'cash', 0.00, 0.00, '2026-05-24 06:41:06', '2026-05-24 07:37:40'),
(2, 'TRX-20260524-M4HSN8', 1, '454554', 'tret', NULL, '2026-05-24 14:07:05', 1, 12000.00, NULL, 'selesai', 'cash', 0.00, 0.00, '2026-05-24 07:07:05', '2026-05-24 07:37:36'),
(3, 'TRX-20260524-L9JAJJ', 1, '454554', 'tret', NULL, '2026-05-24 14:08:00', 6, 55000.00, NULL, 'selesai', 'cash', 0.00, 0.00, '2026-05-24 07:08:00', '2026-05-24 07:37:31'),
(4, 'TRX-20260524-KAROCS', 1, '454554', 'tret', '50', '2026-05-24 14:08:53', 7, 57000.00, 'LAKSANAKAN', 'selesai', 'cash', 0.00, 0.00, '2026-05-24 07:08:53', '2026-05-24 07:37:28'),
(5, 'TRX-20260524-SKVO4V', 1, '454554', 'tret', '5', '2026-05-24 14:43:51', 1, 5000.00, '100', 'selesai', 'cash', 0.00, 0.00, '2026-05-24 07:43:51', '2026-05-24 07:44:11'),
(7, 'TRX-20260524-CZOCGX', 1, '454554', 'tret', '50', '2026-05-24 15:44:04', 1, 12000.00, NULL, 'selesai', 'cash', 20000.00, 8000.00, '2026-05-24 08:44:04', '2026-05-24 08:44:21');

-- --------------------------------------------------------

--
-- Table structure for table `users`
--

CREATE TABLE `users` (
  `id` bigint(20) UNSIGNED NOT NULL,
  `name` varchar(191) NOT NULL,
  `email` varchar(191) NOT NULL,
  `email_verified_at` timestamp NULL DEFAULT NULL,
  `password` varchar(191) NOT NULL,
  `remember_token` varchar(100) DEFAULT NULL,
  `created_at` timestamp NULL DEFAULT NULL,
  `updated_at` timestamp NULL DEFAULT NULL
) ENGINE=InnoDB DEFAULT CHARSET=utf8mb4 COLLATE=utf8mb4_unicode_ci;

--
-- Dumping data for table `users`
--

INSERT INTO `users` (`id`, `name`, `email`, `email_verified_at`, `password`, `remember_token`, `created_at`, `updated_at`) VALUES
(1, 'Aries Dwilistiadi', 'dwilistiadi.aries51@gmail.com', NULL, '$2y$12$E9/s71pmMXODIedV4loWj.dQkcK5LBkzoMJd2yl.YlaoaClth2l5a', NULL, '2026-05-21 08:04:57', '2026-05-21 08:04:57'),
(2, 'Test User', 'test@example.com', NULL, '$2y$12$AUroQ2a.8knmRWYdypPTt.n9aZdy2TecHrJ5XEwF4EFTPFbgrqsoS', NULL, '2026-05-21 08:05:42', '2026-05-21 08:05:42');

--
-- Indexes for dumped tables
--

--
-- Indexes for table `absensi_pesertas`
--
ALTER TABLE `absensi_pesertas`
  ADD PRIMARY KEY (`id`),
  ADD KEY `fk_absen_rapat` (`absen_rapat_id`);

--
-- Indexes for table `absen_rapats`
--
ALTER TABLE `absen_rapats`
  ADD PRIMARY KEY (`id`);

--
-- Indexes for table `agamas`
--
ALTER TABLE `agamas`
  ADD PRIMARY KEY (`id`);

--
-- Indexes for table `anggotas`
--
ALTER TABLE `anggotas`
  ADD PRIMARY KEY (`id`),
  ADD UNIQUE KEY `anggotas_no_anggota_unique` (`no_anggota`),
  ADD KEY `anggotas_agama_id_foreign` (`agama_id`);

--
-- Indexes for table `cache`
--
ALTER TABLE `cache`
  ADD PRIMARY KEY (`key`),
  ADD KEY `cache_expiration_index` (`expiration`);

--
-- Indexes for table `cache_locks`
--
ALTER TABLE `cache_locks`
  ADD PRIMARY KEY (`key`),
  ADD KEY `cache_locks_expiration_index` (`expiration`);

--
-- Indexes for table `dana_dkk`
--
ALTER TABLE `dana_dkk`
  ADD PRIMARY KEY (`id_dana_dkk`),
  ADD KEY `dana_dkk_id_anggota_foreign` (`id_anggota`);

--
-- Indexes for table `dinas`
--
ALTER TABLE `dinas`
  ADD PRIMARY KEY (`id`);

--
-- Indexes for table `failed_jobs`
--
ALTER TABLE `failed_jobs`
  ADD PRIMARY KEY (`id`),
  ADD UNIQUE KEY `failed_jobs_uuid_unique` (`uuid`);

--
-- Indexes for table `jobs`
--
ALTER TABLE `jobs`
  ADD PRIMARY KEY (`id`),
  ADD KEY `jobs_queue_index` (`queue`);

--
-- Indexes for table `job_batches`
--
ALTER TABLE `job_batches`
  ADD PRIMARY KEY (`id`);

--
-- Indexes for table `menus`
--
ALTER TABLE `menus`
  ADD PRIMARY KEY (`id`),
  ADD KEY `menus_parent_id_foreign` (`parent_id`);

--
-- Indexes for table `migrations`
--
ALTER TABLE `migrations`
  ADD PRIMARY KEY (`id`);

--
-- Indexes for table `model_has_permissions`
--
ALTER TABLE `model_has_permissions`
  ADD PRIMARY KEY (`permission_id`,`model_id`,`model_type`),
  ADD KEY `model_has_permissions_model_id_model_type_index` (`model_id`,`model_type`);

--
-- Indexes for table `model_has_roles`
--
ALTER TABLE `model_has_roles`
  ADD PRIMARY KEY (`role_id`,`model_id`,`model_type`),
  ADD KEY `model_has_roles_model_id_model_type_index` (`model_id`,`model_type`);

--
-- Indexes for table `password_reset_tokens`
--
ALTER TABLE `password_reset_tokens`
  ADD PRIMARY KEY (`email`);

--
-- Indexes for table `permissions`
--
ALTER TABLE `permissions`
  ADD PRIMARY KEY (`id`),
  ADD UNIQUE KEY `permissions_name_guard_name_unique` (`name`,`guard_name`);

--
-- Indexes for table `pinjaman`
--
ALTER TABLE `pinjaman`
  ADD PRIMARY KEY (`id_pinjaman`),
  ADD KEY `pinjaman_id_anggota_foreign` (`id_anggota`);

--
-- Indexes for table `pinjaman_bayar`
--
ALTER TABLE `pinjaman_bayar`
  ADD PRIMARY KEY (`id_pinjaman_bayar`),
  ADD KEY `pinjaman_bayar_id_anggota_foreign` (`id_anggota`),
  ADD KEY `pinjaman_bayar_id_pinjaman_foreign` (`id_pinjaman`);

--
-- Indexes for table `produks`
--
ALTER TABLE `produks`
  ADD PRIMARY KEY (`id`),
  ADD UNIQUE KEY `produks_kode_barang_unique` (`kode_barang`);

--
-- Indexes for table `roles`
--
ALTER TABLE `roles`
  ADD PRIMARY KEY (`id`),
  ADD UNIQUE KEY `roles_name_guard_name_unique` (`name`,`guard_name`);

--
-- Indexes for table `role_has_permissions`
--
ALTER TABLE `role_has_permissions`
  ADD PRIMARY KEY (`permission_id`,`role_id`),
  ADD KEY `role_has_permissions_role_id_foreign` (`role_id`);

--
-- Indexes for table `sessions`
--
ALTER TABLE `sessions`
  ADD PRIMARY KEY (`id`),
  ADD KEY `sessions_user_id_index` (`user_id`),
  ADD KEY `sessions_last_activity_index` (`last_activity`);

--
-- Indexes for table `transaksi_details`
--
ALTER TABLE `transaksi_details`
  ADD PRIMARY KEY (`id`),
  ADD KEY `transaksi_details_transaksi_header_id_index` (`transaksi_header_id`),
  ADD KEY `transaksi_details_produk_id_index` (`produk_id`);

--
-- Indexes for table `transaksi_headers`
--
ALTER TABLE `transaksi_headers`
  ADD PRIMARY KEY (`id`),
  ADD UNIQUE KEY `transaksi_headers_no_transaksi_unique` (`no_transaksi`),
  ADD KEY `transaksi_headers_id_absen_rapats_index` (`id_absen_rapats`);

--
-- Indexes for table `users`
--
ALTER TABLE `users`
  ADD PRIMARY KEY (`id`),
  ADD UNIQUE KEY `users_email_unique` (`email`);

--
-- AUTO_INCREMENT for dumped tables
--

--
-- AUTO_INCREMENT for table `absensi_pesertas`
--
ALTER TABLE `absensi_pesertas`
  MODIFY `id` bigint(20) UNSIGNED NOT NULL AUTO_INCREMENT, AUTO_INCREMENT=6;

--
-- AUTO_INCREMENT for table `absen_rapats`
--
ALTER TABLE `absen_rapats`
  MODIFY `id` bigint(20) UNSIGNED NOT NULL AUTO_INCREMENT, AUTO_INCREMENT=2;

--
-- AUTO_INCREMENT for table `agamas`
--
ALTER TABLE `agamas`
  MODIFY `id` bigint(20) UNSIGNED NOT NULL AUTO_INCREMENT, AUTO_INCREMENT=7;

--
-- AUTO_INCREMENT for table `anggotas`
--
ALTER TABLE `anggotas`
  MODIFY `id` bigint(20) UNSIGNED NOT NULL AUTO_INCREMENT;

--
-- AUTO_INCREMENT for table `dana_dkk`
--
ALTER TABLE `dana_dkk`
  MODIFY `id_dana_dkk` int(10) UNSIGNED NOT NULL AUTO_INCREMENT;

--
-- AUTO_INCREMENT for table `dinas`
--
ALTER TABLE `dinas`
  MODIFY `id` bigint(20) UNSIGNED NOT NULL AUTO_INCREMENT;

--
-- AUTO_INCREMENT for table `failed_jobs`
--
ALTER TABLE `failed_jobs`
  MODIFY `id` bigint(20) UNSIGNED NOT NULL AUTO_INCREMENT;

--
-- AUTO_INCREMENT for table `jobs`
--
ALTER TABLE `jobs`
  MODIFY `id` bigint(20) UNSIGNED NOT NULL AUTO_INCREMENT;

--
-- AUTO_INCREMENT for table `menus`
--
ALTER TABLE `menus`
  MODIFY `id` bigint(20) UNSIGNED NOT NULL AUTO_INCREMENT, AUTO_INCREMENT=10;

--
-- AUTO_INCREMENT for table `migrations`
--
ALTER TABLE `migrations`
  MODIFY `id` int(10) UNSIGNED NOT NULL AUTO_INCREMENT, AUTO_INCREMENT=16;

--
-- AUTO_INCREMENT for table `permissions`
--
ALTER TABLE `permissions`
  MODIFY `id` bigint(20) UNSIGNED NOT NULL AUTO_INCREMENT, AUTO_INCREMENT=28;

--
-- AUTO_INCREMENT for table `pinjaman`
--
ALTER TABLE `pinjaman`
  MODIFY `id_pinjaman` int(10) UNSIGNED NOT NULL AUTO_INCREMENT;

--
-- AUTO_INCREMENT for table `pinjaman_bayar`
--
ALTER TABLE `pinjaman_bayar`
  MODIFY `id_pinjaman_bayar` int(10) UNSIGNED NOT NULL AUTO_INCREMENT;

--
-- AUTO_INCREMENT for table `produks`
--
ALTER TABLE `produks`
  MODIFY `id` bigint(20) UNSIGNED NOT NULL AUTO_INCREMENT, AUTO_INCREMENT=5;

--
-- AUTO_INCREMENT for table `roles`
--
ALTER TABLE `roles`
  MODIFY `id` bigint(20) UNSIGNED NOT NULL AUTO_INCREMENT;

--
-- AUTO_INCREMENT for table `transaksi_details`
--
ALTER TABLE `transaksi_details`
  MODIFY `id` bigint(20) UNSIGNED NOT NULL AUTO_INCREMENT, AUTO_INCREMENT=15;

--
-- AUTO_INCREMENT for table `transaksi_headers`
--
ALTER TABLE `transaksi_headers`
  MODIFY `id` bigint(20) UNSIGNED NOT NULL AUTO_INCREMENT, AUTO_INCREMENT=9;

--
-- AUTO_INCREMENT for table `users`
--
ALTER TABLE `users`
  MODIFY `id` bigint(20) UNSIGNED NOT NULL AUTO_INCREMENT, AUTO_INCREMENT=3;

--
-- Constraints for dumped tables
--

--
-- Constraints for table `absensi_pesertas`
--
ALTER TABLE `absensi_pesertas`
  ADD CONSTRAINT `fk_absen_rapat` FOREIGN KEY (`absen_rapat_id`) REFERENCES `absen_rapats` (`id`) ON DELETE CASCADE;

--
-- Constraints for table `anggotas`
--
ALTER TABLE `anggotas`
  ADD CONSTRAINT `anggotas_agama_id_foreign` FOREIGN KEY (`agama_id`) REFERENCES `agamas` (`id`) ON DELETE CASCADE;

--
-- Constraints for table `dana_dkk`
--
ALTER TABLE `dana_dkk`
  ADD CONSTRAINT `dana_dkk_id_anggota_foreign` FOREIGN KEY (`id_anggota`) REFERENCES `anggotas` (`id`) ON DELETE CASCADE;

--
-- Constraints for table `menus`
--
ALTER TABLE `menus`
  ADD CONSTRAINT `menus_parent_id_foreign` FOREIGN KEY (`parent_id`) REFERENCES `menus` (`id`) ON DELETE CASCADE;

--
-- Constraints for table `model_has_permissions`
--
ALTER TABLE `model_has_permissions`
  ADD CONSTRAINT `model_has_permissions_permission_id_foreign` FOREIGN KEY (`permission_id`) REFERENCES `permissions` (`id`) ON DELETE CASCADE;

--
-- Constraints for table `model_has_roles`
--
ALTER TABLE `model_has_roles`
  ADD CONSTRAINT `model_has_roles_role_id_foreign` FOREIGN KEY (`role_id`) REFERENCES `roles` (`id`) ON DELETE CASCADE;

--
-- Constraints for table `pinjaman`
--
ALTER TABLE `pinjaman`
  ADD CONSTRAINT `pinjaman_id_anggota_foreign` FOREIGN KEY (`id_anggota`) REFERENCES `anggotas` (`id`) ON DELETE CASCADE;

--
-- Constraints for table `pinjaman_bayar`
--
ALTER TABLE `pinjaman_bayar`
  ADD CONSTRAINT `pinjaman_bayar_id_anggota_foreign` FOREIGN KEY (`id_anggota`) REFERENCES `anggotas` (`id`) ON DELETE CASCADE,
  ADD CONSTRAINT `pinjaman_bayar_id_pinjaman_foreign` FOREIGN KEY (`id_pinjaman`) REFERENCES `pinjaman` (`id_pinjaman`) ON DELETE CASCADE;

--
-- Constraints for table `role_has_permissions`
--
ALTER TABLE `role_has_permissions`
  ADD CONSTRAINT `role_has_permissions_permission_id_foreign` FOREIGN KEY (`permission_id`) REFERENCES `permissions` (`id`) ON DELETE CASCADE,
  ADD CONSTRAINT `role_has_permissions_role_id_foreign` FOREIGN KEY (`role_id`) REFERENCES `roles` (`id`) ON DELETE CASCADE;

--
-- Constraints for table `transaksi_details`
--
ALTER TABLE `transaksi_details`
  ADD CONSTRAINT `fk_transaksi_header` FOREIGN KEY (`transaksi_header_id`) REFERENCES `transaksi_headers` (`id`) ON DELETE CASCADE;
COMMIT;

/*!40101 SET CHARACTER_SET_CLIENT=@OLD_CHARACTER_SET_CLIENT */;
/*!40101 SET CHARACTER_SET_RESULTS=@OLD_CHARACTER_SET_RESULTS */;
/*!40101 SET COLLATION_CONNECTION=@OLD_COLLATION_CONNECTION */;
